id,title,author,genre,story,thumbnail_url,webtoon_url
0,열녀박씨 계약결혼뎐,안젤리크,로맨스,"혼례 첫날밤, 갑작스럽게 서방을 잃은 열녀 박연우. 
엎친 데 덮친 격으로 괴한에게 납치당해 우물에 던져졌지만, 눈을 뜬 곳은 21세기 대한민국…?! 
설상가상 연우를 구해준 서방님 판박이는 가짜 혼인을 하자고 한다! 
당찬 열녀 박씨 연우와 독신주의자 강태하의 동상이몽 계약 결혼.",https://image-comic.pstatic.net/webtoon/761601/thumbnail/thumbnail_IMAG21_f7b0c713-9fb3-4b84-a266-448aebffeb53.jpg,https://comic.naver.com/webtoon/list?titleId=761601
1,천재작가의 랜덤 작업실,펭스,개그,"어느 날 갑자기 생긴 글 쓰는 능력,
보조작가로 구르던 나 김진우에게도 스타작가의 길이 열렸다! 가즈아~~!
.
.
[시스템 : 제한 시간 내에 랜덤 배정된 장소에서만 글쓰기 능력이 실현됩니다^^!
장소 : 한라산/제한 시간 : 20시간]
""...네?""(김진우/서울시)",https://image-comic.pstatic.net/webtoon/818987/thumbnail/thumbnail_IMAG21_6c4fffa4-b7fa-4eca-9a12-95f1007ab479.jpg,https://comic.naver.com/webtoon/list?titleId=818987
2,남사친과 실수는 추천하지 않습니다,클레버,로맨스,"산부인과부터 시작해 고등학교까지 인생의 대부분을 함께한 그놈, 지서준.
지서준의 화려한 미모 덕에 단짝 친구인 나, 문다율까지 험난한 학창 시절을 보내고
다시는 엮이지 않으리라 다짐했다.
그런데... 술에 잔뜩 취한 후 눈을 떠보니 낯선 호텔방에, 옆자리엔 지서준이 누워있다!
우리의 29년 우정은 지켜질 수 있을까?",https://image-comic.pstatic.net/webtoon/819172/thumbnail/thumbnail_IMAG21_8ea9e2d2-cc65-4b74-8bde-ec307c8ca23d.jpg,https://comic.naver.com/webtoon/list?titleId=819172
3,정신병동에도 아침이 와요,이라하,감성,"[마음의 위로가 필요하신가요?]

실제 간호사의 경험을 바탕으로 한 힐링드라마 웹툰 <정신병동에도 아침이 와요>
간호사 '시나'가 이야기 하는 정신병동과 마음시린 우리들 이야기
당신은 어떤 마음의 상처가 있나요?",https://image-comic.pstatic.net/webtoon/816575/thumbnail/thumbnail_IMAG21_f2582a41-f759-48d7-b836-924ded628340.jpg,https://comic.naver.com/webtoon/list?titleId=816575&tab=dailyPlus
4,악마의 소원,지고지9,로맨스,"어느날 야릇한 꿈을 꾼 악마 서도야. 
바로 그 날 같은 학교 신입생 소원을 만나게 된다.
이상하게 소원과 스치기만 해도 마음과는 다르게 자꾸 몸이 반응하는 도야. 

한편 소원은 신입생 환영회에 참석했다가
연영과 인기 배우 ‘우재현’ 의 집에 초대를 받게 되는데...

 자꾸만 얽히는 서도야와 우재현 사이에서 
소원은 무탈한 학교 생활을 할 수 있을까?",https://image-comic.pstatic.net/webtoon/816685/thumbnail/thumbnail_IMAG21_11fbcafd-df48-48ab-8b3c-18c682fb1f6a.jpg,https://comic.naver.com/webtoon/list?titleId=816685&tab=dailyPlus
5,비서 말고 여자,박다연,로맨스,"“저랑 한 번만 자 주시면 안 돼요?”
3년을 보좌한 신태헌 본부장과 충동적인 하룻밤을 보내는 세인.
쿨하게 해외 지사로 떠나려 했건만, 그날 이후 그가 이상해졌다.
“나만 윤 비서가 신경 쓰이나?”
질척거리는 것으로도 모자라,
“윤세인을 갖고 싶어졌어.”
낯 뜨거운 말도 서슴지 않으며,
“내 거 해. 아니면 내가 윤세인 거 해도 좋고.”
당당함을 넘어 뻔뻔해졌다.
본부장님, 대체 저한테 왜 이러세요…….
원나잇이 불러온 대참사.
너무 잘나서 부담스러운 남자의 폭풍 대시가 시작된다.",https://image-comic.pstatic.net/webtoon/818358/thumbnail/thumbnail_IMAG21_fd04f78b-ef24-4884-bbca-446b27844b1e.jpg,https://comic.naver.com/webtoon/list?titleId=818358&tab=dailyPlus
6,화산파 역대급 천재,정확콘,무협/사극,"좋은 집안도, 내공도 없어 화산파에서 하산 될지도 모르는 삼대 제자 백운호.
그러던 어느 날 몽원경이라는 기연을 만나 화산파 역대급 천재로 거듭나는데,
백운호는 어디까지 강해질 것인가?!",https://image-comic.pstatic.net/webtoon/817301/thumbnail/thumbnail_IMAG21_af888d4f-1ee3-4c3f-96d0-f1f6f507f9e2.jpg,https://comic.naver.com/webtoon/list?titleId=817301&tab=dailyPlus
7,맞바람을 핀다는 건,청푸름,로맨스,"“어려서는 아버지인 내 말에, 결혼한 뒤에는 네 남편의 말에 순종하는 것. 그게 챈들러가의 장녀인 네가 해야 하는 일이란다.”


평생 순종적인 딸로 자라온 스칼렛.
아버지의 명령에 따라 헌팅턴 공작과 결혼하기 위해 수도로 올라간다.


하지만 약혼자에겐 이미 내연녀가 있었고, 스칼렛은 둘 사이를 감추기 위한 가림막으로 선택되었을 뿐.
결혼식 전날, 스칼렛은 남편이 내연녀를 달래며 자신에 대해 하는 말을 엿듣는다.


“그 여자는 그냥 임신을 위한 도구일 뿐이야.”


아버지가 이 모든 사실을 알면서도 남편에게 자신을 팔아넘겼다는 것을 알게 된 스칼렛. 
결혼식 전날 밤. 스칼렛은 웨딩드레스를 찢으며 다짐한다.


“시키는 대로 착하게 살면, 그 대가로 사랑을 받을 수 있다고 믿었다.
나는 더 이상 그런 거짓말에 속지 않을 것이다.”


남편에게서 벗어나 자유를 찾기 위해, 스칼렛은 긴 준비를 시작한다.
바람에는 맞바람으로 응수하고, 내게 접근하는 남자들을 이용해 남편에게 복수하리라!


그런데 어째 접근하는 남자들이….
미모의 기사, 황위계승권이 가장 높다는 황족, 남편의 절친한 친구까지…?!


복수와 자유, 스칼렛은 두 가지 열매를 모두 먹을 수 있을까?!",https://image-comic.pstatic.net/webtoon/813180/thumbnail/thumbnail_IMAG21_8df0754f-dc0a-4f4c-b4f7-40292766c23f.jpg,https://comic.naver.com/webtoon/list?titleId=813180&tab=dailyPlus
8,악역을 길들인 줄 알았는데,박신,로맨스,"피폐물 속 악역과 같은 보육원 출신이라는 이유만으로 그의 손에 죽을 운명에 처했다!
아직 어린 그의 소꿉친구를 자처해 어떻게든 갱생에 성공한 줄 알았는데…

“맞아, 그 살인귀가 나야. 그래도 너만은 날 싫어하지 않을 거지?""

10년 만에 다시 만난 그는 어째서인지 완벽한 악역이 되어 있었다.",https://image-comic.pstatic.net/webtoon/818146/thumbnail/thumbnail_IMAG21_d25dafe9-a95b-44fa-8c2e-4855bfcb8eac.jpg,https://comic.naver.com/webtoon/list?titleId=818146&tab=dailyPlus
9,선녀외전,효빈,로맨스,"나무꾼을 살해하고 인간계에 갇혀 연예인으로 살아가던 선녀 '천모란'은, 자신이 연루된 살인사건 담당 형사 '사제하'에게 정체를 들키고 만다.
한편 그와 가까워질수록 잃어버린 날개옷의 행방이 드러나는데...
날개옷을 되찾기 위한 21세기 선녀의 피 튀는 복수, 증오, 그리고 사랑 이야기.",https://image-comic.pstatic.net/webtoon/800850/thumbnail/thumbnail_IMAG21_623810a7-d18d-4768-b6a7-7af3bf316ba5.jpg,https://comic.naver.com/webtoon/list?titleId=800850&tab=dailyPlus
10,울부짖는 역린,조던,판타지,"악신의 저주를 받은 야만전사 아난타.
자신의 운명을 비극으로 뒤바꾼 날개의 화신을 처단하기 위해
끝없이 악신을 포식하며 복수를 갈망하는 피와 땀, 뼈와 살의 이야기.",https://image-comic.pstatic.net/webtoon/817925/thumbnail/thumbnail_IMAG21_10bf338b-defb-4083-a0fe-50c159d22246.jpg,https://comic.naver.com/webtoon/list?titleId=817925&tab=dailyPlus
11,만능사원 전설이 되다,BONGUN,판타지,"공사장에서 일하던 김태석에게 대기업 엘성의 서류전형 합격 통보가 날아온다.
그와 동시에 그의 앞에 떠오르는 메시지.

'정규사원의 길 튜토리얼에 접속하셨습니다.
튜토리얼을 진행하시겠습니까?'

전설의 만능사원이 되기 위한 김태석의 고군분투 회사 이야기!",https://image-comic.pstatic.net/webtoon/818785/thumbnail/thumbnail_IMAG21_0d12b84c-006f-4e4a-a17f-da207d1b6a28.jpg,https://comic.naver.com/webtoon/list?titleId=818785&tab=dailyPlus
12,독점쾌락,팀 새풍,로맨스,"""어떤 모습의 너라도 나만 갖고 싶다, 전부 다.""

어느 날 느닷없이 찾아온 불행. 양부모의 피살, 자신을 향한 끊임없는 살해 위협.
소중했던 모든 것을 잃은 유진은 오로지 도망쳐야 한다는 생각 뿐이었다. 
다행히도 어릴 적부터 가깝게 지낸 데릭의 도움으로 가까스로 목숨을 건진다.
그리고 그에게로부터 여자가 아닌 남자로서의 삶을 제안 받게 된다.
사랑하는 여자를 지키기 위해 남장을 제안한 남자. 죽지 않기 위해 남장을 선택해야만 했던 여자. 그 두 사람의 사랑은 어떻게 진행될까.",https://image-comic.pstatic.net/webtoon/816610/thumbnail/thumbnail_IMAG21_58a0e48b-3c64-4cd1-b791-e79449b12bd0.jpg,https://comic.naver.com/webtoon/list?titleId=816610&tab=dailyPlus
13,성황의 손자는 네크로맨서,스튜디오늘봄,판타지,"가상 게임 테스트 도중 사망한 주인공은 성황의 망나니 손자 ‘알렌 올폴스’의 몸에서 눈을 뜬다.
게임 속 직업, 네크로맨서의 능력을 그대로 가진 채!

“내가 말이지, 1회차 인생은 아주 살짝 번잡했지만 2회차 인생은 조용히 누리고 싶은 바람이 있거든.”

네크로맨서가 대역 죄인인 이 세계에서 과연 그의 희망대로 살아갈 수 있을까?",https://image-comic.pstatic.net/webtoon/817923/thumbnail/thumbnail_IMAG21_11726f47-cb23-42da-af9b-5370e810b876.jpg,https://comic.naver.com/webtoon/list?titleId=817923&tab=dailyPlus
14,축구재능 다 내꺼,amber,스포츠,"축구선수의 꿈을 꿨던 우호영. 하지만 신은 그에게 재능을 주지 않았고 꿈을 이루지 못한 채 벼락에 맞아 사망한다. 
그때 악마 마몬이 나타나 모두의 재능을 탐할 수 있는 능력을 선물하는데…",https://image-comic.pstatic.net/webtoon/818049/thumbnail/thumbnail_IMAG21_581855c2-80eb-4d45-a97a-1c22c548f439.jpg,https://comic.naver.com/webtoon/list?titleId=818049&tab=dailyPlus
15,정신을 차렸을 땐 흑막 주군이 감긴 후였다,연말,로맨스,"북부를 지키는 검인 윌로우 공작과 호위 기사인 아버지를 보며 셀린은 자신의 주군인 데미안과 만날 날을 손꼽아 기다리고 있었다.
그런데 셀린과 마주한 데미안은 북부의 위엄은커녕 마른 몸에 해사한 미소를 가진 연약한 소년이었다.
호위 기사의 도리를 다하기 위해 어떤 주군이든 굳건히 지킬 결심을 하는 셀린.
그런데 연약한 줄 알았던 데미안이 뭔가 수상하다.",https://image-comic.pstatic.net/webtoon/817989/thumbnail/thumbnail_IMAG21_5a1884ae-a9ad-471d-ae0e-162cd5d1ae95.jpg,https://comic.naver.com/webtoon/list?titleId=817989&tab=dailyPlus
16,호랑이 새끼,552,로맨스,"나름대로 성공한 여배우로 자리 잡은 김다예. 어느 날, 그녀는 유명 감독의 파티에 초대를 받아 가게 된다. 그리고 파티 중 근육으로 뭉친 듯한, 커다란 남자와 맞닥뜨린다.
“누나, 나예요.”
“예?”
“나라고.”
뜬금없이 아는 척을 해 오는 남자! 그는 자신을 옆집 살던 ‘태호’라고 소개한다. 그러나 깨~끗하게 지워져 버린 듯 기억은 떠오르지 않는다. 다예는 얼떨결에 태호와 연락을 하기로 약속하지만 흘려버린다.
“누나, 나한테 왜 연락 안 해요?”
며칠 후, 다시 닥쳐 온 곤란함. 다예는 미안해하며 태호와 저녁을 함께하기로 한다. 비싸다는 소곱창을! 그리고 술에 취해 떠벌리듯 소소한 성공을 자랑하다 그만 태호를 집 안으로 들이고 마는데…?
‘미쳤다. 치라고 주는 공인데 이걸 안 치면 타자 아니다.’",https://image-comic.pstatic.net/webtoon/804163/thumbnail/thumbnail_IMAG21_2a332bba-36d6-488e-ad2e-6236b96b649b.jpg,https://comic.naver.com/webtoon/list?titleId=804163&tab=dailyPlus
17,대가는 너희의 모든 것,스튜디오늘봄,로맨스,"의붓오빠와 황녀에게 이용당하고, 입양된 가족과 남편의 학대 끝에 독살당한 태자비 네리스.
그녀는 자신을 괴롭히고 이용한 모두를 저주하며 죽음을 맞이했으나

모든 불행의 시작이었던 열두 살로 회귀한다.
다시 한번 주어진 기회, 네리스는 죽기 전 자신을 짓밟은 모두에게 복수를 다짐한다.

""내 불행의 분기점, 내 분노의 시초. 그 모든 것이 시작된 이곳에서 대가를 치르게 해줄게.""",https://image-comic.pstatic.net/webtoon/817998/thumbnail/thumbnail_IMAG21_9318ecc4-a43e-42f6-a61f-a45820f7ba24.jpg,https://comic.naver.com/webtoon/list?titleId=817998&tab=dailyPlus
18,주인공이 힘을 숨김,팀 맷가마리,판타지,"'세계의 적'이라 불리는 전설적 소환자, 김성철. (물리Lv. 만렙)
이세계의 다가오는 종말을 막기 위해 홀로 재앙에 맞서지만,
물리가 통하지 않는 영체로 변해버린 마왕을 상대할 방법이 없었다.
목적을 달성하기 위해서 마법의 힘이 필요하다는 걸 깨달은 그는
자신의 존재와 힘을 숨긴 채 이세계에 처음 소환된 장소,
‘소환궁전’으로 찾아가 초보 마법사로서의 육성을 시작하는데....",https://image-comic.pstatic.net/webtoon/816876/thumbnail/thumbnail_IMAG21_7a442405-a8b2-4222-a50c-6837a43cd3e0.jpg,https://comic.naver.com/webtoon/list?titleId=816876&tab=dailyPlus
19,일진담당일진,GRIMZO,액션,"주인공 권대건은 자퇴 후 검정고시를 준비하며 편의점에서 알바를 하고 있던 중 양아치들과 시비가 붙는다.
가뿐하게 그들을 제압한 대건에게 이전부터 유심히 지켜보던 교육 재단으로부터 ‘일진담당일진’ 프로젝트를 제안 받는다.
고민 끝에 제안을 수락한 대건은 재단 소속 고등학교에 입학해 재단의 명령대로 학교의 핵심적인 일진들을 차례차례 격파해나간다.",https://image-comic.pstatic.net/webtoon/797153/thumbnail/thumbnail_IMAG21_62fa8e3d-e445-4dd4-9730-88364faa18e0.jpg,https://comic.naver.com/webtoon/list?titleId=797153&tab=dailyPlus
20,신은 주사위 놀이를 하는가?,황동,판타지,"어느날 갑자기 신들의 게임에 소환된 도시
최율은 첫지급 보상으로 모든 게임의 공략을 보여주는
'독식의 제물 크라시나 서'를 습득한다.
그러나, 아이템의 능력은 공략을 공유한 모든 이들의 보상을 독식하는 것!
양날 검의 아이템을 얻은 최율은 이 게임에서 끝까지 살아남을 수 있을 것인가!",https://image-comic.pstatic.net/webtoon/817956/thumbnail/thumbnail_IMAG21_92c78720-40f0-4e2b-9e8a-3de0a4afa26a.jpg,https://comic.naver.com/webtoon/list?titleId=817956&tab=dailyPlus
21,"그 악녀, 남자입니다",미세초,로맨스,"가문의 몰락으로 베르눔 대공가에 팔려가게 된 베키.
아름답지만 까칠한 소녀, 리안드를 만나 둘도 없는 친구가 된다.

""내가 남자라면, 어떨 것 같아?""
그런데 우리 공녀님이 남자라니?!
그동안 해온 키스와 포옹은 어떻게 되는 거야!

사랑과 우정의 경계에서 깊어지는 감정과 끊임없이 닥쳐오는 위협!
둘은 과연 해피엔딩을 맞이할 수 있을까?",https://image-comic.pstatic.net/webtoon/817999/thumbnail/thumbnail_IMAG21_4209c218-8ffb-445b-9203-dc16a7fa8239.jpg,https://comic.naver.com/webtoon/list?titleId=817999&tab=dailyPlus
22,족가,서승준,드라마,"강력계 베테랑 형사 아빠와 힙합을 좋아하는 소심한 아들이 어느날 갑자기 몸이 바뀌었다.
아들은 난생처음 강력범죄 수사를 시작하게 되고 아빠는 또 다시 학교를 가게 되는데... 가족이 바뀌었다. 족가!!",https://image-comic.pstatic.net/webtoon/817988/thumbnail/thumbnail_IMAG21_41d75f13-aeda-4dae-8ac0-b05de9bab14b.jpg,https://comic.naver.com/webtoon/list?titleId=817988&tab=dailyPlus
23,지옥락,Yuji Kaku,액션,"최강의 닌자로 이름을 떨쳤지만 탈주하여 붙잡히게 된 가비마루는,
참수 집행인 ‘야마다 아사에몬 사기리’로부터 무죄 방면이 될 수 있는 조건을 제안받는다.
그 조건은 극락정토라고 소문이 난 땅에서 ‘불로불사의 선약’을 손에 넣는 것…!!
삶과 죽음을 깨닫는 인법 낭만 활극, 개막────!!",https://image-comic.pstatic.net/webtoon/808269/thumbnail/thumbnail_IMAG21_23c2a75b-45a1-4687-9209-742f605f9758.jpg,https://comic.naver.com/webtoon/list?titleId=808269&tab=dailyPlus
24,"플레이, 플리",이에프,로맨스,"내 비밀을 유일하게 아는 아이돌이 같은 과 동기? 
아이돌로부터 도착한 수상한 디엠! 
우리가 같은 과 동기라는 사실을 너는 알까?",https://image-comic.pstatic.net/webtoon/753853/thumbnail/thumbnail_IMAG21_3889bbbf-9b81-4d13-ac56-739fa55a48a5.jpg,https://comic.naver.com/webtoon/list?titleId=753853&tab=dailyPlus
25,무한 레벨업 in 무림,김진우,무협/사극,"재능도 없고 출신도 비천했던 하급무사 단유성, 전쟁터에서 죽다. 

하지만 저승인 줄 알고 눈을 떴더니, 어린 시절의 과거로 돌아와 있지 않은가?
이상한 숫자와 문자가 눈 앞에 보이고, 그 지시를 따르면 노력한 만큼 보상을 받기까지 한다.
노력한 만큼의 보상을 받는 세상. 무한레벨업 in 무림에 오신것을 환영합니다.",https://image-comic.pstatic.net/webtoon/816676/thumbnail/thumbnail_IMAG21_f3d709f4-120c-42a6-bc4d-e0c1f607e270.jpg,https://comic.naver.com/webtoon/list?titleId=816676&tab=dailyPlus
26,악마는 없다,없는사람,스릴러,"인터넷 기사인 남자는 기괴한 고객 집에 방문 후 밤새 악몽에 시달린다. 
다음날 스토커에 괴롭힘을 당하는 전 여자친구가 그를 찾아오고, 
아직 미련이 남아있던 남자는 그녀를 도와주려다 끔찍한 사건에 휘말리게 된다.",https://image-comic.pstatic.net/webtoon/807080/thumbnail/thumbnail_IMAG21_8fb89086-c27d-454b-a118-2c93d8125882.jpg,https://comic.naver.com/webtoon/list?titleId=807080&tab=dailyPlus
27,이혼 3초컷 완료해드림,비버,로맨스,"가난한 주인공은 <폭군들이 나 때문에 이혼을 감행한다>의 악녀 로젤리나에게 빙의한다.
로젤리나는 이혼에 동의하면 위자료 500억을 받을 수 있다는 얘기에 이전 생에서 이루지 못한 꿈을 이루고자 선뜻 이혼을 받아들인다.
500억이 생긴다는 기대감에 이혼을 위해 최선을 다하는 로젤리나, 그런데 뭐??
 
"" 로젤리나, 그대는 나와 이혼할 수 없습니다.""",https://image-comic.pstatic.net/webtoon/817761/thumbnail/thumbnail_IMAG21_99343863-92fc-4d03-a1a8-92e9c6068f03.jpg,https://comic.naver.com/webtoon/list?titleId=817761&tab=dailyPlus
28,전생했더니 신입사원,뭉쥐,드라마,"자수성가의 신화, 신우테크의 오너 오창석…
50대 초반 이른 나이에 세상을 떠난 그가, 無스펙 청년 백수 오창석의 몸으로 환생했다.",https://image-comic.pstatic.net/webtoon/801106/thumbnail/thumbnail_IMAG21_2ce6a44b-c9c3-4f8b-a43f-9ec1077eeda9.jpg,https://comic.naver.com/webtoon/list?titleId=801106&tab=dailyPlus
29,퇴마록,운,액션,"대한민국에 신드롬을 일으키며 판매 누적부수 1,000만부 이상을 기록한 대작 판타지를 이제 웹툰으로 만난다.

물귀신에게 동생을 잃고 귀신과 싸우기 위해 태극기공을 수련하게 되는 현암.
미지의 악령으로부터 친구의 딸을 구하지 못해 고행의 길을 걷는 사제를 택한 박신부.
해동밀교의 유일한 생존자로 밀교 5대 호법의 모든 주술을 물려받은 천재소년 준후.
아버지로 인해 미스터리한 사건에 휘말리게 된 숨겨진 비밀을 가지고 있는 승희.

인간의 영적, 정신적 세계를 지배하여 사회를 혼란과 범죄의 온상으로 몰아가는 악한 마귀들을
각자의 사연을 지닌 퇴마사들이 함께 싸우며 해결해 나가는 오컬트 판타지.",https://image-comic.pstatic.net/webtoon/784813/thumbnail/thumbnail_IMAG21_312f6855-bc7a-4a2b-9b7b-97758ba90962.jpg,https://comic.naver.com/webtoon/list?titleId=784813&tab=dailyPlus
30,2회차 최강 고교생,시라이시 아라타,액션,"불량아들의 졸개나 마찬가지였던 이이지마 고세이.
신주쿠 대전으로 인해 여동생을 잃고 트라우마를 앓고 있던 그는 ""강해지고야 말겠어""라는 일념 하나로 세계 레벨의 격투가가 된다.
그리고 어느 날, 종합격투기의 승부를 조작하자는 제안을 거절한 그는 살해당하고, 눈을 뜨니 고등학생으로 돌아와 있었다.
과거에 있었던 모든 것을 바꿀 수 있다면?",https://image-comic.pstatic.net/webtoon/817583/thumbnail/thumbnail_IMAG21_46dc43b4-e114-4487-ae42-9fec64db7881.jpg,https://comic.naver.com/webtoon/list?titleId=817583&tab=dailyPlus
31,신의 집사,조주희,로맨스,"1,600년 전 탄생한 불멸자(청룡, 백호, 주작, 현무, 황룡)가
인간과 공존하며 살아가는 세상. 
논문 통과와 짝사랑하는 선배가 꿈일 뿐인 
평범한 대학원생 '은화'는,
은둔하는 죽음의 신(神) '현무'의 집사가 된다.",https://image-comic.pstatic.net/webtoon/818015/thumbnail/thumbnail_IMAG21_96d550f6-d3ce-4aca-a542-7dd3a380b30d.jpg,https://comic.naver.com/webtoon/list?titleId=818015&tab=dailyPlus
32,빌런의 정의,인배,로맨스,"인간의 능력을 뛰어넘는 '초능력자'와 
초능력자의 폭주를 제어할 수 있는 '가이드'가 존재하는 세계.
가이드인 베티는 자신의 정체를 숨긴 채, 
조용한 학교생활을 이어가고 있다. 

하지만 불의의 사고로 S급 초능력자, 
‘빌런' 데이브의 가이드로 매칭되고 마는데...!
“아아, 베티... 네가 내 가이드라니.” 
세계 최강의 빌런에게 집착 받게 된 베티, 
그녀의 삶이 흔들리기 시작한다.",https://image-comic.pstatic.net/webtoon/818155/thumbnail/thumbnail_IMAG21_6ca46fe4-023c-4dce-9458-bbc52da7c60c.jpg,https://comic.naver.com/webtoon/list?titleId=818155&tab=dailyPlus
33,푸른 가스등,우주봄봄,드라마,"“너에겐 폭력, 나에겐 구원.” 당신의 영혼을 옭아매는 달콤한 한 마디.
한 남자에게 벗어나기 위해, 복수하기 위해, 무너진 자존감을 채우기 위해 발버둥치던  
한 여자가 스스로 택한 단 하나의 방법.
'사랑'이라는 가면 아래, 타인의 상처로 자신의 상처를 치유하려 한다.
그렇게, 새로운 환상과 폭력은 전염되듯 옮겨진다.
스스로를 구원하기 위해, 타인을 구속하는 욕망의 우로보로스(Ouroboros).",https://image-comic.pstatic.net/webtoon/807310/thumbnail/thumbnail_IMAG21_f382f3fa-5747-428d-8527-2b450670e0b9.jpg,https://comic.naver.com/webtoon/list?titleId=807310&tab=dailyPlus
34,왕신황제,김경태,액션,"허약 체질인 해진은 학교에서 괴롭힘을 당하는 신세다.
극복하기 위해 열심히 운동을 하지만, 이상할 정도로 몸이 강해지지 않는다.
그래도 포기하지 않고 단련을 이어나가던 해진은 우연히 노숙자 장군을 만나 도움을 주게 되고,
장군은 해진에게 무언가 느낀 듯 '무공은 실존한다'는 영문 모를 말을 꺼내는데...
알고 보니 무공 천재 강해진의 현대 무림 정복기.",https://image-comic.pstatic.net/webtoon/817119/thumbnail/thumbnail_IMAG21_390e0d65-1aa9-4810-84c4-e160a2a4052d.jpg,https://comic.naver.com/webtoon/list?titleId=817119&tab=dailyPlus
35,간택주의보,은겸,로맨스,"벗을 위해 변장 후 기방에 들어간 소진.
우연히 헐벗은 사내, 이헌을 마주하게 되는데, 낯설지 않은 그는 바로 1년 전 소진이 구해준 사내.
왕세자 이헌은 잃어버린 기억을 되찾기 위해 소진을 유혹하기 시작하는데, 벗을 찾으러 세자빈 간택을 이용해 궐에 잠입하려는 소진.
완벽한 계획에 변수가 생기고 간택에서 떨어져야만 하는 소진에게 ‘로맨스주의보’가 내려졌다!",https://image-comic.pstatic.net/webtoon/798333/thumbnail/thumbnail_IMAG21_bf3cc38f-56d5-44d3-b6c8-1cc1707b8cab.jpg,https://comic.naver.com/webtoon/list?titleId=798333&tab=dailyPlus
36,공작성의 저주받은 시녀님,오단로봇,로맨스,"“저 여자, 내 눈앞에서 치워”
냉혈한 공작님께 단단히 찍혀버렸다,
하지만 내가 받은 저주를 풀기 위해서는 꼭 공작님과 붙어한다고?!

그렇다면…!

“제, 제가 각하를 좋아합니다…!!”

이 위험한 도박이… 통했다?
공작님과 저주와 함께하는 산뜻한 공작성 라이프!",https://image-comic.pstatic.net/webtoon/818779/thumbnail/thumbnail_IMAG21_4c2ff4be-3d95-416b-8f55-1fc8a691466b.jpg,https://comic.naver.com/webtoon/list?titleId=818779&tab=dailyPlus
37,어메이징 스파이더맨,닉 스펜서,액션,"스파이더맨의 삶이 전환점을 맞았다. 피터 파커는 최근 MJ와 재회했고, 새 룸메이트의 정체는 슈퍼빌런이며, 착해진 숙적 리저드 박사와는 협력 관계가 되었다.
게다가 철천지원수였던 데일리 뷰글 출신 J. 조나 제이머슨이 이제 스파이더맨 편이라니?!
이미 복잡 그 자체인 인간관계 속에서, 피터는 정신줄을 잘 붙잡을 수 있을까? 그리고 모든 사건의 배후에 있는 의문의 적은 누구일까?",https://image-comic.pstatic.net/webtoon/784852/thumbnail/thumbnail_IMAG21_3703421683129267001.jpg,https://comic.naver.com/webtoon/list?titleId=784852&tab=dailyPlus
38,아기 볼모가 너무 귀여워,뜨귤,로맨스,"불행의 시작점으로 회귀했다.
하필이면 어린아이의 몸으로 돌아와 꼼짝없이 같은 삶을 반복할 줄 알았지만...
'그래! 내가 공주 대신 볼모로 잡혀가면 되잖아!'
신분을 속여 제국의 볼모로 잡혀가는데 성공!
그런데 여기 사람들 뭔가 이상하다.
""아빠라고 불러봐."" ""여기 있는 거 다 먹어라."" ""꼬맹이 울리는 놈 내가 다 죽여버릴 거야.""
이거 괜찮은 거 맞나...?",https://image-comic.pstatic.net/webtoon/800001/thumbnail/thumbnail_IMAG21_96d1aa07-db41-42e5-b509-ab69cf62fba5.jpg,https://comic.naver.com/webtoon/list?titleId=800001&tab=dailyPlus
39,위대한 가문의 검술 천재가 되었다,이동섭,판타지,"검술 재능도, 타고난 오러도 없었지만 누구보다 열심히 노력했던 검술명가 막내아들 백우진.
가문에서 버려져 비참하게 목숨을 잃었지만,마검의 주인이 되어 10년 전으로 회귀한다.
가문을 무너뜨리겠다는 일념으로.",https://image-comic.pstatic.net/webtoon/796534/thumbnail/thumbnail_IMAG21_7089001402431846197.jpg,https://comic.naver.com/webtoon/list?titleId=796534&tab=dailyPlus
40,본능적인 그대,정해진,로맨스,"불의의 사고로 20년지기 친구이자 첫사랑 유진을 떠나보낸 강희,
8년 후 그녀 앞에 유진의 반지를 끼고 나타난 완벽남 하준! 유진과 똑 닮은 그의 정체는..?!",https://image-comic.pstatic.net/webtoon/803208/thumbnail/thumbnail_IMAG21_d39d4f3f-9f22-4b45-92ce-51613257fcb3.jpg,https://comic.naver.com/webtoon/list?titleId=803208&tab=dailyPlus
41,은하!,그리폰,판타지,"지구라는 작은 별의 인류문명은 전쟁제국 데크토니우스의 침공에 의해 멸망했고
은하연맹에 의해 구출된 인간소녀 레라는 은하연맹의 전투함 함장
레로텔라에게 입양되어 외계행성 몰란에서 주민으로 살아가게 되지만
결국 끝없이 닥쳐오는 역경과 적들을 맞이하게 되었다.",https://image-comic.pstatic.net/webtoon/800104/thumbnail/thumbnail_IMAG21_771ac4ab-4597-4526-9487-f5d984709d99.jpg,https://comic.naver.com/webtoon/list?titleId=800104&tab=dailyPlus
42,종말권유,김강8,스릴러,"어느 날, 그 검은 연기는 예고없이 나타났다. 그리고 사람들이 변하기 시작했다. 
가장 최근에 먹은 음식으로. 

이 괴이한 현상은 인간들이 대처할 틈도 주지 않은 채 퍼져나가기만 하고 
상황은 점점 혼란 속으로 빠지는데...

과연 인류는 이 사태를 어떻게 헤쳐나갈 수 있을 것인가",https://image-comic.pstatic.net/webtoon/814288/thumbnail/thumbnail_IMAG21_9c849d4b-0b90-4b70-aed0-cbf682b18a52.jpg,https://comic.naver.com/webtoon/list?titleId=814288&tab=dailyPlus
43,숲속에서 공작이 주운 것은,이재원,로맨스,"엘리시아 크레드가 돌아왔다. 10살의 몸으로.
그건 좋은데, 왜 하필 이 시점이야?
한밤중 숲에서 들개들의 먹이가 될 뻔한 그녈 구해준 인물은 온갖 위험한 소문의 주인공, 발른 공작인데.
죽이려고 혈안이 된 새어머니와, 냉대하고 방치하는 아버지 때문에 29번의 삶을 불행 속에서 살아왔다.
이번은 신이 준 마지막 기회. 엘리시아는 공작의 도움을 받아 운명을 바꿔 나간다.",https://image-comic.pstatic.net/webtoon/801590/thumbnail/thumbnail_IMAG21_ecb6616d-4f58-4a60-843b-690c593d8bdc.jpg,https://comic.naver.com/webtoon/list?titleId=801590&tab=dailyPlus
44,더 휠,HUNP,스포츠,가난하고 피곤한 삶을 사는 청년 이로운. 불의의 사고와 함께 찾아온 댄스의 기회는 비루한 그의 삶을 바꿔줄 수 있을까? 조금은 특별한 그 남자의 댄스 도전기!,https://image-comic.pstatic.net/webtoon/817816/thumbnail/thumbnail_IMAG21_dc9f37a3-13ec-42ca-a03e-66174ac731e4.jpg,https://comic.naver.com/webtoon/list?titleId=817816&tab=dailyPlus
45,악녀인데 하필 남편이 잘생겼다,권수리,로맨스,"""라메인, 내가 당신에게 미친 것 같습니다.""
이혼하려고 하는 남편이 하필, 너무 잘생겼다! 
게다가 원작과는 다르게 나를 좋아하고 있는 것 같은데...? 
평생 손해만 보고 살아가는 의사였던 나. 
소설속에 악녀인 '라메인 로저'에게 빙의버렸다. 
이번 생이야말로 하고 싶은일 다 하며 살아가겠다고 결심했는데...
작가님, 이거 원작 설정 붕괴 아닌가요?!",https://image-comic.pstatic.net/webtoon/813963/thumbnail/thumbnail_IMAG21_a0e88c2e-5562-407f-8b39-5c0f41c6a66f.jpg,https://comic.naver.com/webtoon/list?titleId=813963&tab=dailyPlus
46,초월자 학원의 수강생이 되었다,어쩌다,액션,"돌아가신 부모님의 빚을 갚으며 헌터가 되기 위해 헌터학원에 갈 돈을 모아왔던 서준은
불의의 사고로 모은 돈을 전부 수술비로 써버린다.
절망에 빠진 순간, 띠링-!
이상한 광고가 재생되었다.
[야 너도 초월자 될 수 있어!]
더 이상 잃을 것도 없다, 회원 가입!!
[김서준 님 초월자 학원에 오신 걸 환영합니다].
내가 다니는 헌터학원은 다른 학원들과 '차원'이 다르다!",https://image-comic.pstatic.net/webtoon/797222/thumbnail/thumbnail_IMAG21_8ab4e628-aa39-4031-ac72-f4d428fbf08b.jpg,https://comic.naver.com/webtoon/list?titleId=797222&tab=dailyPlus
47,발칙한 춘향,이Zen,로맨스,"지금까지 우리가 알던 춘향전은 가라. 이미 혼인을 하고 나타난 이몽룡을 시원하게 걷어차버린 성춘향. 
그녀가 선택한 남자는? 자신을 옥에 갇히게 한 남자, 변태로 소문난 변학도?
그런데, 이 변학도… 존잘남에 뒷배도 든든, 능력도 어마무시한 데다 섹시하기가 이를 데 없다!",https://image-comic.pstatic.net/webtoon/805429/thumbnail/thumbnail_IMAG21_ff8fbd34-ddcd-4fe6-b34a-1802ef5bfa5e.jpg,https://comic.naver.com/webtoon/list?titleId=805429&tab=dailyPlus
48,꿈에서 자유로,2L,로맨스,"어린 시절, 하주현과의 악연으로 인해 고등학교에서 극심한 왕따를 당하는 최정민.
그녀의 유일한 위안 거리는 아무도 방해하지 못하는 꿈 속에서 하주현을 괴롭히는 ""자각몽"" 뿐이었다
그러던 어느 날 그녀의 자각몽 속에서 수수께끼의 남자를 만나게 되고, 그녀를 괴롭히는 모두에게 복수하자는 제안을 받게 되는데..",https://image-comic.pstatic.net/webtoon/787495/thumbnail/thumbnail_IMAG21_270c3e41-5c3c-42d9-bfae-86d8135af8c1.jpg,https://comic.naver.com/webtoon/list?titleId=787495&tab=dailyPlus
49,황후 자리를 버리겠습니다,김희성,로맨스,"황태녀이자 최상위 공격형 마법사, 아델라이드.
태후인 어머니의 눈밖에 나, 쫓겨나듯이 먼 나라의 황후로 시집을 갔지만,
그녀를 맞이한 건 황제의 취향을 알려 주겠다는 그의 정부였다!

아델라이드는 이름뿐인 황후로 살라는 황제의 경고를 무시한 채,
그의 정적인 리오넬을 자신의 보좌관으로 발탁하는데…",https://image-comic.pstatic.net/webtoon/807809/thumbnail/thumbnail_IMAG21_739cdc6b-e218-4786-a357-25aaef5dc86d.jpg,https://comic.naver.com/webtoon/list?titleId=807809&tab=dailyPlus
50,자기 취향 존중,모히또모히칸,드라마,"심각한 은둔형 대인기피증 '김서리'와
한시도 집안에 있지 못하는 타고난 인싸 '한보나'.
너무 다른 두 사람이 동거를 시작했다!

극과 극을 달리는 두 여자의 시한폭탄 같은 아슬아슬 동거 생활.
과연 마지막의 마지막에는 서로를 이해할 수 있을까?",https://image-comic.pstatic.net/webtoon/812561/thumbnail/thumbnail_IMAG21_d6d6e907-b01a-4314-a06a-f3adcf5aff43.jpg,https://comic.naver.com/webtoon/list?titleId=812561&tab=dailyPlus
51,성좌들이 내 제자,차지운,판타지,"300년 전, 멸망의 탑 탑주 바르체를 쓰러트리고 세계의 멸망을 막은 무신 김현오.
무너져 가는 멸망의 탑과 운명을 같이 한 시점에서 이미 죽었어야 할 김현오지만
300년 뒤 17살 김주혁의 몸으로 환생하게 된다.  그 와중에 자신이 이 세상에 없었던
시기에 생겨난 '성좌' 들이 300년 전의  제자란 걸 알게 되고 찾아다니게 된다.",https://image-comic.pstatic.net/webtoon/807170/thumbnail/thumbnail_IMAG21_4b92f2cb-f9ea-4836-a61b-567601af411d.jpg,https://comic.naver.com/webtoon/list?titleId=807170&tab=dailyPlus
52,유물읽는 감정사,영완(映完),드라마,"해외로 반출된 민족의 유물을 찾기 위해 평생을 바친 아버지를 둔 ‘해진’.
그러던 어느 날, 연락이 끊긴 아버지가 보낸 정체불명의 ‘유물’에서 이상한 빛
이 나와 해진에게 신비한 ‘힘’과 ‘사명’을 부여하는데….
“천부(天符)의 주술들이 당신에게 계승되었습니다.”
한민족의 혼이 담긴 ‘천부삼인’을 포함해 세계 곳곳에 흩어진 유물들과 얽힌
모험이 시작된다!",https://image-comic.pstatic.net/webtoon/812462/thumbnail/thumbnail_IMAG21_1600236a-0644-4cb9-a8e4-7898c21ffbc9.jpg,https://comic.naver.com/webtoon/list?titleId=812462&tab=dailyPlus
53,집착 흑막들의 시터가 되어버렸다,오성영,로맨스,"소설 <샤키르의 꽃>의 엑스트라, 황제를 위한 인간 제물인 '성녀 메이아'에게 빙의 되었다.
""남을 위해 죽고 싶지는 않아!"" 비록 원해서 얻은 새로운 삶은 아니지만, 또다시 비참하게 죽는 건 절대 사양이다.
억울한 마음에 신전을 탈출한 것까진 좋았는데... 어쩌다 보니 흑막의 쌍둥이 동생들에게 관심을 사버렸다.
설상가상으로 내 능력에 취한 흑막의 집착까지?
그것도 여주인공을 갖기 위해 납치와 감금, 테러까지 저지르는 작중 최고 흑막에게!!",https://image-comic.pstatic.net/webtoon/812143/thumbnail/thumbnail_IMAG21_c327009d-aaa7-4b1d-9b82-f28a3532d48d.jpg,https://comic.naver.com/webtoon/list?titleId=812143&tab=dailyPlus
54,상위 0.001% 랭커의 귀환,팀 감자스콘6,판타지,"어느 날, 현실이 되어 나타난 던전 아포칼립스 게임, 드림 사이드.
취업 준비생인 난 여느 날과 같이 택배 배달을 하던 중,
갑작스레 멈춰버린 엘리베이터에 당황하던 것도 잠시,
눈앞에 나타난 푸른 창. 그리고 나타난 몬스터!
과거 그 게임의 랭킹 1위였던 난 극악 난이도의 튜토리얼을
깨부수며 고인물 다운 플레이를 이어나가는데...",https://image-comic.pstatic.net/webtoon/808242/thumbnail/thumbnail_IMAG21_13438420-4b65-47b8-a8d9-006f8d757b58.jpg,https://comic.naver.com/webtoon/list?titleId=808242&tab=dailyPlus
55,관심종자,웅,액션,"싸움이라곤 쥐뿔 관심 없는.. 그저 실수 하나 때문에 일진에게 제대로 찍혀버려 괴롭힘만 당하던 녀석,
자기 자신이 좋아하던 여학생에게 순정까지 짓밟혀가며 멘탈이 탈탈 터진 녀석,
결국 벼랑 끝에 몰려 단 하나의 관종 같은 선택을 하게 되고 그 오디션에 나가 초대박 성적을 거두고 돌아오게 되는데...",https://image-comic.pstatic.net/webtoon/791255/thumbnail/thumbnail_IMAG21_3760897357159490150.jpg,https://comic.naver.com/webtoon/list?titleId=791255&tab=dailyPlus
56,비스트번,윤선생,판타지,"고통스러운 삶을 살아가던 소년 차현성은 어느 날 정체를 알 수 없는 짐승들에게 살해당한다. 그러나 눈 앞에 보인 것은 죽음에서 부활해 각성한 자신과 짐승을 사냥하는 소녀 손가영. 짐승과 인간의 싸움 속에서, 현성은 생존을 위한 사투를 시작한다.",https://image-comic.pstatic.net/webtoon/803458/thumbnail/thumbnail_IMAG21_1decc914-5c66-4019-8e1e-3e7c834098d5.jpg,https://comic.naver.com/webtoon/list?titleId=803458&tab=dailyPlus
57,택배기사,이윤균,액션,"오염된 세상. 바깥은 위험하다.
'꿈과 희망'이 담긴 작은 상자를 들고 당신을 만나러 가는,
그 누구도 믿을 수 없는 이 곳에서 유일하게 믿을 수 있는 사람은 오직 택배기사(knight) 뿐!!",https://image-comic.pstatic.net/webtoon/808654/thumbnail/thumbnail_IMAG21_e0540ef4-594b-4f39-a053-7e0a1e92c9bc.jpg,https://comic.naver.com/webtoon/list?titleId=808654&tab=dailyPlus
58,계약직 대공비,Lariyu,로맨스,"첫날밤마다 남편이 죽어 나가는 황녀 리엔의 결혼은 어느덧 여섯 번째. 이번에야말로 행복한 결혼 생활을 기대했건만 돌아온 것은 남편의 애인과 사생아, 그리고 한 잔의 독배였다.
 
""그대는 수단에 불과했어""
 
죽어가는 리엔을 비웃는 여섯 번째 남편을 바라보며 리엔은 눈을 감는다.
그리고... 다시 한번 눈을 뜬 그날은 다섯 번째 남편의 장례식 날이었다!",https://image-comic.pstatic.net/webtoon/814739/thumbnail/thumbnail_IMAG21_18cd7096-5549-47e7-a1ec-1ccd3bf71883.jpg,https://comic.naver.com/webtoon/list?titleId=814739&tab=dailyPlus
59,린의 여섯 번째 황궁생존기,일원,로맨스,"더 이상의 회귀는 사양한다!
황궁에서 가장 힘없는 18황자의 약사이자 궁녀 린.
피 튀기는 황태자위 쟁탈전 후, 18황자와 함께 순장당한 지 벌써 다섯 번째.

“저 린, 황자님을 황태자위에 올리기 위해
지옥에서 기어 올라왔습니다!”

원한이 하늘을 찌르는 린의 18황자 황태자 만들기 계획이 시작되고,
얼떨결에 황궁 제일의 거물이자 황자들의 스승 사마 휘를 낚아버리는데…!",https://image-comic.pstatic.net/webtoon/818672/thumbnail/thumbnail_IMAG21_66b9fa3f-0548-4eac-90e2-404fb496bbdc.jpg,https://comic.naver.com/webtoon/list?titleId=818672&tab=dailyPlus
60,동통대학교,이난,개그,"'김왕이 돌아왔다!!'
순간의 실수로 축구를 포기하고 대입을 선택한 김왕.
하지만... 김왕이 입학한 학교는 똥 군기로 악명 높은 동통대학교였다.
과연 그는 이 학교에서 살아남을 수 있을 것인가.
한편, 빠루와 문어에게 다가오는 어둠의 그림자...",https://image-comic.pstatic.net/webtoon/800077/thumbnail/thumbnail_IMAG21_e2eae7f1-e18c-49fb-b3e1-1ff108f70ce8.jpg,https://comic.naver.com/webtoon/list?titleId=800077&tab=dailyPlus
61,잠입! 재벌고,AJ,액션,"엘리트 조직원으로 활동하던 ""다경""은, 어머니처럼 모시던 보스의 죽음을 뒤늦게 알게 된다. ""이 회장""의 짓이라는 걸 알아낸 뒤, 복수를 위해 시도하지 않은 일이 없었다. 하지만 ""사영 그룹""뒤에 있는 그에게 접근하기는 쉽지 않았다.

모든 것을 포기하려던 찰나에 얻은 ""이 회장"" 아들에 대한 정보.

목숨을 건 마지막 임무를 위해 ""다경""은 재벌 고등학교에 잠입하게 되는데...",https://image-comic.pstatic.net/webtoon/806823/thumbnail/thumbnail_IMAG21_20b48ed5-eecf-4ded-800a-dcf8463864f2.jpg,https://comic.naver.com/webtoon/list?titleId=806823&tab=dailyPlus
62,괴이,이정우,액션,"사이좋은 소꿉친구였던 승환, 도희, 상민은 고등학생이 되어서도 끈끈한 우정을 이어가는 듯했으나,
기묘한 존재인 「괴이」의 등장과 함께 상민이 사라져 버리고 마는데…!
상민의 흔적을 찾아가며 밝혀지는 비밀들…
승환은 어린 시절의 우정을 되찾을 수 있을까?",https://image-comic.pstatic.net/webtoon/792949/thumbnail/thumbnail_IMAG21_3990579812924732979.jpg,https://comic.naver.com/webtoon/list?titleId=792949&tab=dailyPlus
63,"그 악녀 인생, 제가 한번 살아 볼게요",타루,판타지,"주인공 정유나는 집에 가는 길에 교통사고를 당한다. 그리고 그렇게 죽은 줄로만 알았는데… 
눈을 떠 보니 화려한 침실 속이라고?! 일주일 정도 지켜보니, 
자신이 빙의한 인물은 죽기 전 읽었던 ‘흰 장미의 아가씨’라는 소설 속 역대급 악녀였다. 
그것도 여주한테 못된 짓만 하다가 남주에게 죽는 역대급 악녀! 
엘레나는 과연 소설 속 자신의 운명을 무사히 피할 수 있을까?",https://image-comic.pstatic.net/webtoon/813396/thumbnail/thumbnail_IMAG21_59e7a401-e3c4-41c3-b58a-a72f42c98375.jpg,https://comic.naver.com/webtoon/list?titleId=813396&tab=dailyPlus
64,일신상의 이유로 잠시 휴재합니다,김의선,액션,"내 이름은 유일신. 삼류 웹소설 작가이다.
G급 헌터 판정을 받고 현타가 올 때쯤 발견한 이상한 게임 어플 하나.
게임 속 세상을 구하고 얻은 신의 능력을 현실에서도 쓸 수 있게 되는데,
어딘가 모르게 조금 이상하다?
자꾸만 늘어나는 내 신도들과 수많은 퀘스트.
이런 와중에 웹소설은 언제 쓰라고!
일신상의 이유로 휴재... 아니, 연재 시작합니다.",https://image-comic.pstatic.net/webtoon/801449/thumbnail/thumbnail_IMAG21_0b58d8a6-e806-4724-b113-c4dffef6635f.jpg,https://comic.naver.com/webtoon/list?titleId=801449&tab=dailyPlus
65,일진과의 전쟁,표,액션,"글로벌 기업 마현의 회장 봉수는 일진들에게 폭행을 당하는 학생을 도우려다 처참하게 당하지만
경호 실장 도율의 도움으로 위기를 극복, 때로는 세상에 무력이 필요하다는 것을 깨닫고 
도율과 청소년 범죄 말살 프로젝트 '일진과의 전쟁'을 설립하는데...

공식 대한민국 최고 재벌 봉수
비공식 대한민국 최강 남자 도율

이 두 남자는 과연 세상을 바꿀 수 있을까?",https://image-comic.pstatic.net/webtoon/806817/thumbnail/thumbnail_IMAG21_01e2c67e-1396-4d2f-9b47-2f689db3d257.jpg,https://comic.naver.com/webtoon/list?titleId=806817&tab=dailyPlus
66,제 3 아파트,오닛,스릴러,"""이웃들이 수상하다""
이웃간의 정을 중요시 하는 제 3 아파트.
친목질을 강요하지만 주인공 가족은 거부하고, 
그 후 이웃들은 숨통을 조여오기 시작한다.",https://image-comic.pstatic.net/webtoon/798296/thumbnail/thumbnail_IMAG21_71e32354-e5ea-4564-af5b-ef7842888cad.jpg,https://comic.naver.com/webtoon/list?titleId=798296&tab=dailyPlus
67,저주가 저주가 아닌 게 저주휴재,가향,로맨스,"왕가 직속 기사단 '로열 바인'의 기사의 일원인 아리엘은 사실 남장여자!
마녀를 무찌르러 간 날 동료들에게 여자라는 사실을 들키지만 동료들은 저주 때문에 여자로 변했다고  오해하는데...
어떡해서든 여자임을 들키지 않으려는 아리엘의 고군분투와 그 속에서 피어난 러브 스토리.",https://image-comic.pstatic.net/webtoon/801105/thumbnail/thumbnail_IMAG21_be5d3171-f180-4f61-920e-51f27601836d.jpg,https://comic.naver.com/webtoon/list?titleId=801105&tab=dailyPlus
68,원룸,휘랭,스릴러,"성공한 인생을 위해 목숨 걸고 일해 온 직장인, 이도윤.
그토록 꿈꾸던 성공 라인을 타며 궤도에 오르기 시작한 그때, 긴장의 끈을 놓고 술을 진탕 마시고 필름이 끊긴 채 잠이 들고 말았다.
자신의 원룸에서 눈을 뜬 그가 발견한 것은 토막 난 여성의 시체.
모든 증거가 그를 범인으로 가리키고 있다.
성공은커녕 범죄자로 몰리게 생긴 된 도윤, 자신의 혐의를 벗기 위해 사건의 진실을 쫓기 시작하는데…",https://image-comic.pstatic.net/webtoon/807436/thumbnail/thumbnail_IMAG21_ddcf98e6-dc86-49b1-9d2b-58c2137d35c3.jpg,https://comic.naver.com/webtoon/list?titleId=807436&tab=dailyPlus
69,나를 버린 가족에게 돌아가지 않습니다,스플,로맨스,"신의 축복을 받았다는 명망 높은 리로이 후작가의 첫째 딸 레티샤.
동생들처럼 예쁜 것도, 똑똑한 것도, 검을 잘 쓰는 것도, 마법에 재능 있는 것도 아니었지만, 하지만 레티샤는 단 한 번도 동생들을 질투하거나 시기한 적 없었다. 
오히려 자랑스럽게 여겼다. 
그래서 정작 가족들은 저를 수치스러워한다는 사실을 모르고 있었다. 
가족들에게 버림받는 순간까지도.",https://image-comic.pstatic.net/webtoon/813405/thumbnail/thumbnail_IMAG21_cf79da21-3694-410b-b096-09047d40450e.jpg,https://comic.naver.com/webtoon/list?titleId=813405&tab=dailyPlus
70,버티면 10억,만화인간,드라마,"주인공은 생활고 속에서도 꿋꿋하게 자라왔다.
어느 날 일제강점기에서 한 달을 버티면 10억을 준다는 말에 이끌려 게임을 다운받는다.
단순한 핸드폰 게임인 줄 알았더니 게임 속 세상으로 들어가게 된 주인공.
실제 일제강점기에서 살아남기 위해 애쓰는 주인공의 고군분투기.",https://image-comic.pstatic.net/webtoon/784850/thumbnail/thumbnail_IMAG21_8d64d277-2e91-4703-9bc8-d095f891645e.jpg,https://comic.naver.com/webtoon/list?titleId=784850&tab=dailyPlus
71,황제의 품으로 돌아온 성녀,화영,로맨스,"동료와 연인에게서 비참하게 버림받았다. 
그들의 죄를 대신해 처형장에 끌러온 리엘라를 구한 것은 황제 헤르한이었다. 
그렇게 헤르한에게서 빚지고 많은 것을 내어주었지만, 그뿐이었다. 
리엘라는 자신이 감히 그의 세상을 흔들게 될 줄은 몰랐다.

자신이 ‘저주 받은 능력자’인 그를 구원할 수 있는 유일의 성녀임을 깨닫기 전까지는.",https://image-comic.pstatic.net/webtoon/814032/thumbnail/thumbnail_IMAG21_7808ed11-1abb-47bf-8d26-5d8a5182b70d.jpg,https://comic.naver.com/webtoon/list?titleId=814032&tab=dailyPlus
72,"북부 대공 부인, 추워서 못 하겠습니다",레몬수박,로맨스,"추위를 병적으로 싫어하는 내가, 북부 대공의 부인으로 빙의했다.
그런데 하필 북부라니! 얼어 죽을 것 같아 탈출을 시도하지만,도망가는 족족 붙잡아 오는 대공으로 인해 수포로 돌아간다.
“가출을 하든 말든 알아서 해. 몇 번이고 잡아들일 테니까.”
분명히 원작에서는 안 좋게 갈라지는 부부였을 텐데 왜 계속 집착하는 거지?
나, 추워서 여기서 못 살겠다고!",https://image-comic.pstatic.net/webtoon/805321/thumbnail/thumbnail_IMAG21_2be8bcc1-d4c2-4a21-9fc6-dbef9ed4b263.jpg,https://comic.naver.com/webtoon/list?titleId=805321&tab=dailyPlus
73,인자강,김경태,액션,"너무나 거대한 재능은 소유자의 삶을 휘두른다.
강력한 신체와 폭력성을  지녔지만 이를 억누른 채 살아가던 우혁.
우연히 클럽 피치에 가게 된 우혁은 피치의 지배인 유빈의 눈에 들게 된다.
우혁의 재능을 알아본 유빈은 우혁에게 자신을 따를 것을 제안하고, 유빈에게 매료된 우혁은 이를 승낙한다.
암흑가에 발을 들인 우혁. 그를 기다리는 것은 영광인가 파멸인가.",https://image-comic.pstatic.net/webtoon/799156/thumbnail/thumbnail_IMAG21_9f516c95-bf96-4cb0-b841-89681fd0e75e.jpg,https://comic.naver.com/webtoon/list?titleId=799156&tab=dailyPlus
74,불면증을 치료했더니 폭군이 집착합니다,복숭아맛탄산수,판타지,"책 읽어주는 너튜버로 활동하던 여주가 책을 읽다가 졸면서 자신이 읽던 책속으로 빙의한다. 그런데 때마침 폭군의 침실로 향하던 길.
폭군의 침실로 들어가게 된 여주는 살기 위해 자신의 신세를 말하는데, 폭군이 그 이야기를 듣다가 잠이 든다. 
그때부터 폭군의 불면증 치료사가 된 여주. 폭군에게서 벗어나려면 불면증을 치료해야만 한다. 그런데 불면증이 치료되면서 폭군이 여주에게 집착하기 시작하고...",https://image-comic.pstatic.net/webtoon/812118/thumbnail/thumbnail_IMAG21_7387ca8f-fe53-497d-a49e-44bead9c2473.jpg,https://comic.naver.com/webtoon/list?titleId=812118&tab=dailyPlus
75,옥타곤의 제왕,GOPUBI,액션,"타고난 운동 감각으로 스포츠계 유망주였던 휘성은 고등학생 때 부상으로 운동을 그만두고 알바 인생을 살아간다.
그러던 중 MMA 아마추어 선수인 정환의 경기에 초대받게 되는데... 
처음으로 마주한 '옥타곤'의 박력에 강한 전율을 느낀다.
뭐든 포기하고 도망치기 바빴던 스물두 살 이휘성. 
그가 옥타곤에 오르는 순간, 누구도 예상 못했던 화려한 비상이 시작된다.",https://image-comic.pstatic.net/webtoon/795257/thumbnail/thumbnail_IMAG21_4122871956781675057.jpg,https://comic.naver.com/webtoon/list?titleId=795257&tab=dailyPlus
76,여주가 사기 스킬을 얻음,김자까,판타지,"던전과 몬스터가 나타난 세상.
주인공 '정연'은 가장 등급이 낮은 F급 각성자로 던전 캐디 일을 하며 근근이 생활한다.
그러던 어느 날, 일하던 던전에서 정체불명의 SS급 몬스터에게 습격을 당하게 되는데! 그 습격으로부터 기적적으로 목숨을 구하고 등급 외 스킬 ‘오딘의 눈’을 얻게 된다.
그렇게 정연은 ‘오딘의 눈’을 이용해 새 인생을 시작한다.",https://image-comic.pstatic.net/webtoon/798919/thumbnail/thumbnail_IMAG21_5e5b341e-d256-470c-bffa-d91e293d4a1a.jpg,https://comic.naver.com/webtoon/list?titleId=798919&tab=dailyPlus
77,당신의 소유주,송민선,로맨스,"잘 나가는 연기파 배우에서 나락으로 떨어진 소유주.

그녀에게 남자 라푼젤 한태경이

거액의 돈과 함께 약혼녀 연기를 제안한다.

연기만 잘하고 쿨하게 헤어지려 했건만,

이 남자... 연기를 너무 잘한다?

“아무 생각도 하지 마. 나한테만 집중해.”

연기와 현실 사이 흔들리는 유주.

“나는 노선을 정했거든. 소유주. 너로.”

당신의 소유주가 될 수 있을까?",https://image-comic.pstatic.net/webtoon/804372/thumbnail/thumbnail_IMAG21_e4c25c0b-7ab3-42fd-93cb-f72f0c117139.jpg,https://comic.naver.com/webtoon/list?titleId=804372&tab=dailyPlus
78,멸망급 빌런들의 선생님,이지,판타지,"“멸망급 빌런이 될 운명인 아이들을 헌터로, 그것도 전설급 헌터로 만든다면 멸망을 막을 수 있지 않을까?”
가만히 있으면 기다리는 것은 그저 처참한 멸망뿐인….",https://image-comic.pstatic.net/webtoon/784843/thumbnail/thumbnail_IMAG21_3760895127252513590.jpg,https://comic.naver.com/webtoon/list?titleId=784843&tab=dailyPlus
79,악당이 살아가는 법,감사크,액션,"당신은 차기 신의 후계자를 뽑는 위대한 게임, 더 미션의 플레이어로 선택받으셨습니다! 축하드립니다! 
갑작스레 이세계에 떨어져 신이 되는 서바이벌 게임에 참여하게 된 성훈.
판타지 게임과 흡사한 이세계, 서로 협력하기도, 죽이기도 하는 피도 눈물도 없는 플레이어들…!!
재능이라곤 하나 없는 성훈은 비열함과 조잡한 술수로 점차 만능캐가 되어간다!",https://image-comic.pstatic.net/webtoon/784849/thumbnail/thumbnail_IMAG21_118b155b-20e4-4206-bd0e-72a26d935628.jpg,https://comic.naver.com/webtoon/list?titleId=784849&tab=dailyPlus
80,오프에서 만나요,팀 치즈고포,로맨스,"커스텀마이징만을 위해 만들어진 ~비스트 소드~ 게임에서 과몰입하며 게임을 하는 고인물 여우리.
그러다 제 취향 외향으로 나타난 뉴비 캐릭터 '렉스' 캐릭터를 만나 게임에서 결혼까지 성공한다.
결혼한 기념으로 오프에서 만나 향수를 만들기로 하였는데, 
평소 회사에서 불편해하던 직장동료가 왜 약속 장소에 있는 거죠…?",https://image-comic.pstatic.net/webtoon/812412/thumbnail/thumbnail_IMAG21_e3932165-4acd-4fff-aed7-8ac22ab0c688.jpg,https://comic.naver.com/webtoon/list?titleId=812412&tab=dailyPlus
81,후궁의 초대휴재,IN홍,로맨스,"윈프리드에 날아든 매혹적인 나비, 힐라리아.
“밤이 늦었으니, 차 한잔 하고 가시겠어요?""
위험한 계략과 비밀로 휩싸인 황성에서
힐라리아의 은밀한 초대가 시작된다.",https://image-comic.pstatic.net/webtoon/801697/thumbnail/thumbnail_IMAG21_d71e27e2-30a6-4ca9-82f3-829a52b85366.jpg,https://comic.naver.com/webtoon/list?titleId=801697&tab=dailyPlus
82,주체할 수 없는,Guoxiao,로맨스,"친구를 따라 소문난 '에이스'가 있다는 술집에 간 고우리.
'근데 네가 왜 여기 있어?!'
에이스는 다름 아닌 우리가 예전에 상처를 줬던 한다운.
하지만 다운은 초면인 것처럼 행동하고….

그렇게 앞으로 볼일 없다고 생각했던 한다운이
집 안에 있다?

이게 무슨 운명의 장난인지 룸메이트까지 되어 버린 우리 둘.
나… 얘랑 잘 살 수 있을까…?",https://image-comic.pstatic.net/webtoon/809005/thumbnail/thumbnail_IMAG21_91e6aec8-9de8-49be-b41f-66e2b37a3e68.jpg,https://comic.naver.com/webtoon/list?titleId=809005&tab=dailyPlus
83,갬블링 1945,최청우,드라마,"조선의 빈털터리 고아 선우진, 한 사건으로 그의 천재적 능력을 알아본 일본의 야쿠자 야마다는 그에게 동업을 제안한다. 
그로 인해 인천 사교계에 입성해 귀족들과 친분을 쌓아가던 어느날, 조선 독립무장단체인 어별교를 만나 그의 아버지의 비밀과 그들의 제안을 받게 되는데.. 
그들과 함께하기로 결심한 그는 조국의 명운을 위한 거액의 도박판에 뛰어들기 시작한다.",https://image-comic.pstatic.net/webtoon/808078/thumbnail/thumbnail_IMAG21_e5e05b75-9de6-4e12-a6b7-94dc6906ccc8.jpg,https://comic.naver.com/webtoon/list?titleId=808078&tab=dailyPlus
84,무간도시,강냉이,액션,"'왕'을 암살한 왕의 호위단. 그 집단의 유일한 생존자 신무진
유일한 가족이었던 단원들이 분명 살아있을거라 여기며 
혼란의 도시 서울, 신무진은 스스로의 의지로 흘러들어온 이곳에서
가족들을 찾아 도시속을 헤매인다.",https://image-comic.pstatic.net/webtoon/797727/thumbnail/thumbnail_IMAG21_4ef74aa2-c3b9-4ffd-b5e3-f507526edb56.jpg,https://comic.naver.com/webtoon/list?titleId=797727&tab=dailyPlus
85,신선한 후궁님,돗개,로맨스,"하루아침에 인간이 되어버린 3900살 신선 ‘호랑’.
신력도, 도원경도, 인성도 잃은 그녀 앞에 나타난 건,
다름 아닌 자신의 복숭아를 훔쳐 달아났던 조선의 임금 ‘이휼’이었다.
갈 곳을 잃은 호랑은 자신을 궁에서 머물게 해줄 것을 제안하고,
휼은 그녀가 오랜 가뭄을 끝내줄 거라 믿으며 부탁을 들어주게 되는데…",https://image-comic.pstatic.net/webtoon/814544/thumbnail/thumbnail_IMAG21_97284528-f977-476a-942f-9dd9a35be71d.jpg,https://comic.naver.com/webtoon/list?titleId=814544&tab=dailyPlus
86,하이웨이 투 헬,가개비,액션,"*본 작품은 격주로 연재됩니다.*
'조선 최초의 엑소시스트'
호환으로 의심되는 연쇄살인이 일어난 조선,
반쪽짜리 몸을 가진 소년과 조선인 최초의 신부가 함께
서양의 악마와 싸워나가는 조선판 엑소시즘 이야기.",https://image-comic.pstatic.net/webtoon/799561/thumbnail/thumbnail_IMAG21_32eadd33-ff1d-4311-8d77-2fd197a91644.jpg,https://comic.naver.com/webtoon/list?titleId=799561&tab=dailyPlus
87,던전 탈출이 너무 힘들다,김자까,액션,"갑작스런 죽음으로 사후세계에 온 주인공 [고인성]
이곳은 지옥이나 천국이 아닌 던전, 저승과 이승 사이에 놓인 공간이다.
그것도 방송 시스템이 탑재된 던전.
저승의 수많은 망자가 주인공의 모습을 시청하는 가운데, 사후세계를 탈출하기 위해 고인성은 도전자들과 힘을 합쳐 던전을 클리어해 나간다.",https://image-comic.pstatic.net/webtoon/806225/thumbnail/thumbnail_IMAG21_e098ec49-8ead-45a8-9fc8-f7243c261a87.jpg,https://comic.naver.com/webtoon/list?titleId=806225&tab=dailyPlus
88,도돌이표,으겸2,로맨스,"결혼식을 앞두고 자신의 연인 마루를 잃고 절망적인 삶을 살아가는 솜이.
그런 그녀 앞에 의문의 무당 연화가 나타난다.
'강마루, 그를 다시 만나고 싶습니까?'
연화의 힘으로 하루아침에 4년 전의 과거로 되돌아간 솜이, 하지만…
솜이의 앞엔 전혀 다른 모습의 마루가 나타나고, 과거로 돌아간 솜이는 모든 게 꼬여만 간다.",https://image-comic.pstatic.net/webtoon/813097/thumbnail/thumbnail_IMAG21_ab56b2a2-6f1c-44dc-aa7e-7800ec98f9d7.jpg,https://comic.naver.com/webtoon/list?titleId=813097&tab=dailyPlus
89,죽어도 다시 한번!,이지원,로맨스,"예쁜 연인이던 은수와 원오는 3년간의 결혼 생활 후 남보다 못한 원수지간으로 갈라선다.
이혼 후 2년 뒤, 미국에서 사업에 크게 성공한 원오는 한국으로 돌아와 은수와 재회하지만, 은수의 곁은 그녀를 줄곧 짝사랑해온 태인이 지키고 있다.
2년만에 셋이서 재회하게 된 그날 밤, 셋은 같은 와인을 마시고 5년 전 과거로 회귀하게 된다.
은수의 완강한 의지로 은수와 원오는 다시 이혼을 준비하고, 태인은 다시 은수를 빼앗길 수 없다는 불안감에 원오와 대립하게 된다.
하지만 다시 얼굴을 부딪히고 살게 된 은수와 원오는 과거에 몰랐던 서로의 모습들을 알아가며 흔들리는데.",https://image-comic.pstatic.net/webtoon/804158/thumbnail/thumbnail_IMAG21_fc366de2-7a4f-46a7-87b7-e81a76dfdaff.jpg,https://comic.naver.com/webtoon/list?titleId=804158&tab=dailyPlus
90,도망 여주의 옆집에 살고 있습니다,벨루하,로맨스,"7년 차 헌터로 평범한(?) 삶을 살아가던 중,

문득 소설 속 여주의 옆집 주민 '세이나'에 빙의했음을 깨달아버렸다.

그것도 도망친 여주가 기억상실증에 걸리는 로맨스 판타지 소설에.

그런데… 왜 자꾸 남주 후보들이 나한테 관심을 갖는 건데?",https://image-comic.pstatic.net/webtoon/805705/thumbnail/thumbnail_IMAG21_31149027-5d34-4f93-a1d7-e0da57613a6d.jpg,https://comic.naver.com/webtoon/list?titleId=805705&tab=dailyPlus
91,"모든 숨마다, 너",클로버9,로맨스,"업계에서 인정받는 패션쇼 연출가 치린.
겉모습은 씩씩해 보이지만, 마음 한쪽엔 아물지 않은 상처를 안고 있다.
업무에 자신을 내던지며 상처의 아픔을 이겨내는 그녀 앞에 나타난 다국적 패션 기업 이사. 지헌.
그런데, 이 남자 밑도 끝도 없이 치린에게 직진한다.
치린은 자신의 커리어를 지키기 위해 지헌의 유혹을 온몸으로 뿌리치려 하는데….",https://image-comic.pstatic.net/webtoon/802941/thumbnail/thumbnail_IMAG21_fec56346-310d-4fe1-a0e7-db94057dbe51.jpg,https://comic.naver.com/webtoon/list?titleId=802941&tab=dailyPlus
92,등교하는 근식이,무지개 멍멍이,액션,"2년 전 불의의 사고를 겪은 이후, 근식의 주변에서는 매주 끊임없는 위험들이 발생한다.
근식은 자신의 피해자인 이웃과 친구들을 구하며 닥쳐온 사명의 정체를 파헤쳐 간다.",https://image-comic.pstatic.net/webtoon/784824/thumbnail/thumbnail_IMAG21_132a4cbc-b50f-48cf-8622-7a27a24c7d77.jpg,https://comic.naver.com/webtoon/list?titleId=784824&tab=dailyPlus
93,구마흥신소,동훈,드라마,"악귀에 빙의된 악인을 잡으러 다니는 구마흥신소의 마추은. 착해빠진 고등학생 오구민. 구민은 어느 날 악귀에게 사고를 당하고 이로 인해 추은을 만나게 된다. 각자의 사연을 가진 5명의 주인공들. 그 누가 알아주지 않지만 구마흥신소 일행은 이 사회의 어둠 속에서 악귀, 그리고 악인을 추적한다.",https://image-comic.pstatic.net/webtoon/811616/thumbnail/thumbnail_IMAG21_38ed6ca2-2a95-4861-b224-8be12793d7b9.jpg,https://comic.naver.com/webtoon/list?titleId=811616&tab=dailyPlus
94,날 죽일 마법사는 누구,백후추,판타지,"마법 학교 파필론. 
만년 낙제생 레아의 아카데미 라이프는 고난의 연속이다. 
최고의 엘리트인 소꿉친구 시온과의 관계를 숨기기 급급한 어느 날, 
정체불명의 전학생 준이 나타나고 레아에겐 죽음의 기운이 서리게 되는데... 
과연 그녀를 죽이게 될 마법사는 누구?!",https://image-comic.pstatic.net/webtoon/796779/thumbnail/thumbnail_IMAG21_58fd7363-864b-4abb-b623-32f7352ccf30.jpg,https://comic.naver.com/webtoon/list?titleId=796779&tab=dailyPlus
95,두 번 사는 음악천재,정기림,드라마,"뮤지션은 죽어도 죽지 않는다. 다만 커버될 뿐이다.
기타 하나로 대한민국의 전설이 된 싱어송라이터 김한석…
사망 30년 후 스트리밍 시대의 대학생으로 깨어나다!",https://image-comic.pstatic.net/webtoon/803120/thumbnail/thumbnail_IMAG21_536ac08d-87a8-4ef7-9783-1e21f6694bed.jpg,https://comic.naver.com/webtoon/list?titleId=803120&tab=dailyPlus
96,시크릿 플레이어,냠냠이,액션,"귀가 도중 신도림역에 생긴 싱크홀을 발견한 주인공.
서둘러 집으로 돌아갔지만 피투성이가 된 가족들을 발견하고 충격에 빠진다.
이때 모르는 번호로 걸려온 한 통의 전화.
수화기 너머 여성은 이 모든 게 고도로 발전한 AI에 의해 일어났고,
가족을 되찾기 위해서는 ‘플레이어’가 되어야 한다고 알려준다.
주인공은 가족을 되살리고, 사건의 정체를 파악하기 위해 '플레이어'로 등록한다.",https://image-comic.pstatic.net/webtoon/800598/thumbnail/thumbnail_IMAG21_40fbbde6-aded-4efb-8625-b011425668fe.jpg,https://comic.naver.com/webtoon/list?titleId=800598&tab=dailyPlus
97,작까세요,에크치,일상,"드라마 작가를 꿈꾸는 설나진은 드라마 작가 작업실의 막내 작가로 입사하게 된다.
꿈을 이뤘다는 행복감도 잠시, 선배들의 美친 갑질이 시작되는데...
그러던 어느 날, 모종의 사건으로 나진의 인생이 송두리째 흔들린다.
인생 전부를 배팅한 나진의 복수...!
막내도 밟히면 꿈틀하거든요.",https://image-comic.pstatic.net/webtoon/816643/thumbnail/thumbnail_IMAG21_21d16c84-91fa-4911-8352-1385c769aba4.jpg,https://comic.naver.com/webtoon/list?titleId=816643&tab=dailyPlus
98,사랑의 새싹약국,정해솔,로맨스,"스타일 다른 네 명의 꽃미남약사를 전략으로 내세운 '새싹약국'
전략이 과했는지 나날이 손님이 늘어가자 약국장 '고찬영'은 고객 감소라는 목표를 가지고
과감히 여자 알바를 고용하기로 한다.
목표에 정확히 부합하는 지원자를 채용하려던 찰나!
건물주 할아버지의 낙하산 줄을 타고 '서 영'이 내려오는데...
""내가 왜 저 개똥같은 여자를 고용해야 하는 건데!?""",https://image-comic.pstatic.net/webtoon/792645/thumbnail/thumbnail_IMAG21_2e646e14-5cb6-4455-a209-392fa90a9e9a.jpg,https://comic.naver.com/webtoon/list?titleId=792645&tab=dailyPlus
99,신 고구려전기,장작가,무협/사극,"꿈속에 펼쳐진 세상,
그곳은 고구려 말기였고,
나는 연개소문의 아들 연남생이 되었다.

현실의 나는 김남생이니……",https://image-comic.pstatic.net/webtoon/801476/thumbnail/thumbnail_IMAG21_7540dc40-0e34-428d-aaf5-4c52bae2750e.jpg,https://comic.naver.com/webtoon/list?titleId=801476&tab=dailyPlus
100,잔반없는 날,AHN,액션,"천계 최고의 요리사였으나 지상으로 추방당한 천숙.
천계로 다시 돌아가기 위해 지상의 학교에 다니고 있던 공주의 병을 치료하고자

고등학교 영양사로 부임한다.
부임 첫 날, 산의 정기를 어지럽히는 멧돼지로 인해 길을 잃은 '강바람'을 발견하고,

천숙은 바람과 협력해 멧돼지를 처치한다.
이후 학교에는 잠시간의 평화가 찾아오고, 근처 산의 영물들에게 소문이 퍼져

점차 천숙을 찾아와 도움을 요청하는 이들이 늘어난다.
천숙은 그들의 부탁을 해결해주며 공주의 병을 치료할 방법을 찾아간다.",https://image-comic.pstatic.net/webtoon/810283/thumbnail/thumbnail_IMAG21_edade493-6cac-4cdb-b445-a02cd2f1ec3b.jpg,https://comic.naver.com/webtoon/list?titleId=810283&tab=dailyPlus
101,삼체,류츠신,드라마,"나노 과학자 왕먀오. 어느날 그의 눈 앞에, 죽음의 카운트 다운이 보이기 시작한다.
중국 문화 대혁명의 광기 속에서 모든 것을 잃은 천재 과학자.
인류를 대상으로 한 복수가 그녀의 손에서 시작된다.
우주적 광기와 폭력. 그 안에서 인류를 지키려는 자들의 싸움이 시작된다.",https://image-comic.pstatic.net/webtoon/791631/thumbnail/thumbnail_IMAG21_7378697426761507378.jpg,https://comic.naver.com/webtoon/list?titleId=791631&tab=dailyPlus
102,이야기 들어주는 남자,서진,스릴러,"""방탈출 게임의 특별 규칙, 손님의 숨겨진 과거와 진실을 알아내라""
방탈출 시설의 '도우미'로 강제 채용 당한 남자 심우재. 그곳에 끌려온 손님을 도와 목숨을 걸고 탈출해야 한다. 하지만 도우미에겐 손님의 과거와 진실을 알아내야 하는 추가 비밀 미션이 주어지는데... 밝히고 싶지 않은 이야기를 알아내라. <이야기 들어주는 남자>",https://image-comic.pstatic.net/webtoon/803541/thumbnail/thumbnail_IMAG21_3fc183ac-11af-4c97-bda5-a35a598f6831.jpg,https://comic.naver.com/webtoon/list?titleId=803541&tab=dailyPlus
103,옥타곤 리벤지,꽁테,액션,"""치고받고 서로가 피를 보는, 그딴 게 스포츠야?"" 

목표가 없고 무미건조한 일상을 살아가던 하율은 
친구 홍민과 코치 상준에 의해 인생의 터닝포인트를 맞이한다. 

어릴 적 아빠와의 추억이 담긴 격투기. 
하지만 격투기는 하율의 아빠를 죽음으로 몰아넣었다. 

아빠를 죽음으로 몰아넣은 장본인 존스 알베스에게 복수하기 위해 
하율은 다시 글러브를 잡다. 

""재능 위의 재능, 하율은 그 벽을 뚫을 수 있을까?""",https://image-comic.pstatic.net/webtoon/814207/thumbnail/thumbnail_IMAG21_fb192e89-bdea-4f0e-bfa4-50b0f0f3a2d1.jpg,https://comic.naver.com/webtoon/list?titleId=814207&tab=dailyPlus
104,킬 더 엠페러,유황,판타지,"“태양은 하나여야 한다.”
“두 개의 태양은 제국민들을 태워 죽일 뿐이다.”

제국을 호령하던 대마법사, 알렉사르.
자신이 믿고 따르던 절친한 친우 길리언 테르시오스에게 배신당한 후
소국 변방의 검술 명가 망나니로 환생한다.
절친했던 친우이자 대륙의 유일한 9성급 검사, 길리언에게
피의 복수를 하기 위해 대마법사 알렉사르가 움직인다.",https://image-comic.pstatic.net/webtoon/817117/thumbnail/thumbnail_IMAG21_4cc5c224-5b5c-436d-9d05-5d7e58a63786.jpg,https://comic.naver.com/webtoon/list?titleId=817117&tab=dailyPlus
105,철의 영혼 아누비스,김연승,판타지,"인간과 로봇의 중간 형태의 타이탄 ""철기병"". 귀족의 철기병에 의해 모든 걸 잃은 소년 ""레이""는 아이러니하게도 철기병을 발굴하여 귀족에게 파는 일을 하게 되는데, 또다시 귀족에게 배신당하여 죽임을 당할 뻔한 그 순간, 시그니처 철기병인 ""아누비스""의 선택을 받아 강력한 힘을 갖게 되고, 귀족에 대한 증오심을 폭발시키며 복수를 시작한다.",https://image-comic.pstatic.net/webtoon/805441/thumbnail/thumbnail_IMAG21_907263a9-0bfc-40ed-bf17-a8c59db7d4f3.jpg,https://comic.naver.com/webtoon/list?titleId=805441&tab=dailyPlus
106,육식고휴재,반적광,액션,"대한민국 최대 깡패학교 육식고에서 변신을 못하는 호랑이 강유정은 지옥같은 학교생활을 경험한다. 그러던 어느 날 늑대 우종화가 그에게 함께 싸우자는 제안을 하고, 나약한 스스로에게 환멸을 느낀 유정은 변화를 결심한다. 이후 힘든 수련을 통해 점점 강해진 그는 육식고의 맹수들을 차례로 상대하게 되는데…

유정은 호랑이로 변신하여 육식고를 평정할 수 있을까?",https://image-comic.pstatic.net/webtoon/804364/thumbnail/thumbnail_IMAG21_3be054f9-7a46-4481-86f6-a3203fff13b5.jpg,https://comic.naver.com/webtoon/list?titleId=804364&tab=dailyPlus
107,황후의 립스틱,커피콩,로맨스,"메이크업 아티스트를 꿈꾸는 평범한 고등학생 이재인.
우연히 립스틱 하나를 줍게 되고, 립스틱으로 인해 거울 속으로 빨려 들어간다.
눈을 떠보니 더 이상 평범한 얼굴의 고등학생 이재인이 아닌,
모든 게 완벽한 초절정 미녀 로에멘델의 공주 제인 리샤르 도트리슈가 되어버렸다.
게다가 황태자와의 결혼이라니..! 
다시 현생으로 돌아갈 유일한 열쇠인 립스틱을 의지하며 방법을 모색해 나가지만,
돌아오라는 건 안 돌아오고 얼굴만 다시 돌아와버린 재인!
손에 쥔 신비한 립스틱과 그동안 쌓아올린 메이크업 실력으로 황실 생활 속 고난과 역경을 헤쳐나가는데..
장점은 살리고 단점은 커버하는 진짜 메이크업을 보여준다!",https://image-comic.pstatic.net/webtoon/793685/thumbnail/thumbnail_IMAG21_3978711899131949880.jpg,https://comic.naver.com/webtoon/list?titleId=793685&tab=dailyPlus
108,본투비갓,턱점,판타지,"돈에 미친 양아치 선도부 ‘김태성’.
어느 날 옆집으로 이사 온 무당 ‘화려한'을 만난 이후로 그의 주변에 무당이 하나둘씩 꼬이게 되고, 귀신에 씌인 존재가 태성을 공격하기 시작하는데…
태성에게 요괴 '두억시니'를 빙의시키는 화려한.
과연 태성은 두억시니와 함께 자신의 목숨을 지킬 수 있을까?",https://image-comic.pstatic.net/webtoon/784846/thumbnail/thumbnail_IMAG21_7147269998899651127.jpg,https://comic.naver.com/webtoon/list?titleId=784846&tab=dailyPlus
109,후드,후렛샤,액션,"오직 인싸가 되는 것 만이 관심사인 평범한 고등학생 김혁. 
친구들의 관심이 너무 고파 중고거래로 얻은 후드를 입었는데, 어? 이게 뭐야??
괴상한 능력이 내 몸을 감싸고 내 몸이 공중에 떠오르며…
나에게 하늘을 날 수 있는 초능력이 생겼다!!!
고대신의 힘을 가진 전설의 힘 샥티가 깃든 후드를 입고
K-슈퍼패션고딩히어로가 된다!!",https://image-comic.pstatic.net/webtoon/812383/thumbnail/thumbnail_IMAG21_9266325e-c5d1-4b35-9f23-92a20ee0af68.jpg,https://comic.naver.com/webtoon/list?titleId=812383&tab=dailyPlus
110,관찰일기,파랑,로맨스,"지언은 우연히 같은 과 동기인 연성을 수업에서 마주치게 된다.
같은 과지만 처음 보는 듯한 얼굴에 지언은 연성에게 관심을 갖게 되지만, 대놓고 지언을 피하는 연성.
하지만 연성은 본의 아니게 지언과 계속 엮이게 되면서 자신의 비밀을 들키고 마는데…
과연 연성은 지언을 통해 자신의 트라우마를 딛고 일어설 수 있을까?",https://image-comic.pstatic.net/webtoon/784835/thumbnail/thumbnail_IMAG21_8b77461e-329b-4df3-81e2-6bee3697e929.jpg,https://comic.naver.com/webtoon/list?titleId=784835&tab=dailyPlus
111,소년만화에서 살아남기,김경호,판타지,"세상에서 가장 무서운 안티는 팬이라는 말이 있다.
이희로가 어린 시절부터 덕질해온 만화책 <모험왕>의 완결은 허무하게 끝이 났다.
하지만 뛰는 독자 위에 나는 작가가 있다.
작가의 행보와 어처구니없는 완결에 분노한 희로의 항의 메시지에 작가는 '그럼 당신이 해보시겠습니까?'라는 답장에 <모험왕> 속 인물로 눈 뜨게 된다.

하지만, 모든 빙의가 아름답지는 않는 법.
희로의 영혼이 들어간 인물은 1권 1화에 주인공 '레오'의 전투력 측정기로 사용되고 퇴장하는 말 그대로 엑스트라였다.
그런 희로 앞에 나타난 메시지. [지면을 차지하고 지면을 확보해, 완결까지 살아남으시오.]

재등장 확률 0%, 능력도 기술도 전무!
가진 거라곤 <모험왕>의 줄거리를 안다는 독자라는 것뿐.
세계관 최약체로 시작하는 하드코어 생존기,",https://image-comic.pstatic.net/webtoon/793615/thumbnail/thumbnail_IMAG21_73c877ba-201d-4707-809b-948c81392785.jpg,https://comic.naver.com/webtoon/list?titleId=793615&tab=dailyPlus
112,마녀의 소녀,제피가루,드라마,"눈에 띄지 않은 평범한 여고생 안나린은 같은반 동준을 짝사랑한다.
소원을 말해보라는 신비스러운 전학생 진희에게 사랑을 이루게 해 달라고 소원을 빌고
정말 그 소원은 마법처럼 이루어진다.
하지만 소원을 이뤄진 뒤  끔찍한 대가가 안나린을 기다리고 있었다.",https://image-comic.pstatic.net/webtoon/789612/thumbnail/thumbnail_IMAG21_20551414-7199-4250-9a58-320adb86fcef.jpg,https://comic.naver.com/webtoon/list?titleId=789612&tab=dailyPlus
113,게임의 법칙,유티스트,액션,"격투게임 <블러드피스트>의 고인물인 윤시우에게 특이점이 왔다.
현실에서도 게임 속 커맨더가 보이는 것.
게임에 지루함을 느끼던 시우는 실제 싸움에 눈을 돌리기 시작했고
자신의 능력을 이용해 학교를 재패하려 했으나,  설표 ""홍민재""에게 패배하게 된다.
그런 그 와의 재대결을 위해 시우는 격투기 동아리 ""라라파루자""에 가입하게 되는데...",https://image-comic.pstatic.net/webtoon/787372/thumbnail/thumbnail_IMAG21_5e2871be-3114-4b55-be8d-2c7c57906cdf.jpg,https://comic.naver.com/webtoon/list?titleId=787372&tab=dailyPlus
114,완벽한 쇼윈도,랑땡,로맨스,"""우리 이렇게 설레도 괜찮은 걸까?

9시 통금, 짧은 치마 금지, 결혼이 아니면 독립 금지.
K-유교 집안에서 자라 자유를 꿈꾸는 희원과
K-종갓집 아들로 대를 잇기 위해 온갖 맞선 자리에 시달리는 지환.

자유를 위한 두사람의
아슬아슬한 계획은 성공할 수 있을 것인지?!""",https://image-comic.pstatic.net/webtoon/806866/thumbnail/thumbnail_IMAG21_4a8441a3-3edd-4ca8-b489-7bb2ddcb3bf1.jpg,https://comic.naver.com/webtoon/list?titleId=806866&tab=dailyPlus
115,너무 잘 보이는 그녀,DoWn,로맨스,"10.0+a 시력을 숨기고 살던 ‘하연희’는 모기를 잡으려다 누군가의 뺨을 때리게 된다.
그런데 그 사람이 우리 회사 최연소, 여직원들의 아이돌! 유정안 대표님?!!
정안은 연희의 시력을 이용해 사내스파이를 잡으려 하는데….
스파이도 잡고, 대표님 마음도 사로잡아버린 연희와 까칠한 대표님 정안의 안구 정화 로맨스.",https://image-comic.pstatic.net/webtoon/804159/thumbnail/thumbnail_IMAG21_b9fc1221-fc8e-451b-aeeb-fe46bbfe504a.jpg,https://comic.naver.com/webtoon/list?titleId=804159&tab=dailyPlus
116,괴담게임,미레,스릴러,"“참가를 환영합니다. 플레이어.”
베일에 싸인 게임, ‘괴담 게임’에 의해 형을 잃은 소년, 강민.
그로부터 5년, 형을 찾고 싶다면 게임에 참여하라는 의문의 전화를 받는다.
제안을 수락하자, 눈앞에 괴담이 나타나기 시작한다.
포기는 곧 죽음. 모든 것을 끝낼 방법은, 게임의 엔딩을 보는 것.
강민은 엔딩에 도달해 형을 찾아낼 수 있을까?",https://image-comic.pstatic.net/webtoon/808732/thumbnail/thumbnail_IMAG21_a4b55c0b-20de-49b9-bebf-ce28fe02d364.jpg,https://comic.naver.com/webtoon/list?titleId=808732&tab=dailyPlus
117,악당의 끝은 선택이 아니다,티바,판타지,"진부하기 짝이 없는 로맨스 소설 속 악녀로 빙의한 채, 예정된 죽음에 정면으로 맞서는 이벨리아. 
스토리를 비틀어보려고 할수록 원작 그 자체가 그녀의 존재를 지우려 한다.
이벨리아는 본인을 죽이러 온 암살자 리프와 손을 잡고, 죽지 않기 위해 처절한 사투를 벌인다.",https://image-comic.pstatic.net/webtoon/814125/thumbnail/thumbnail_IMAG21_936a4228-eec7-4482-a2dc-af4543742d8e.jpg,https://comic.naver.com/webtoon/list?titleId=814125&tab=dailyPlus
118,소중한 날은 언제나 비가 내린다,RYO,로맨스,"결코 해선 안 될 사랑이란게 정말 있는걸까?
24살을 앞두고 5년동안 사귄 남자친구와 이별 후 도쿄로 상경해 그곳에서 여러 새로운 인연을 만나게 된다.
17살 연상의 마에노와 고등학교 선배인 카사자키.
새로운 사랑에 망설이며, 어엿한 어른 여자로서 성장해 간다.",https://image-comic.pstatic.net/webtoon/791737/thumbnail/thumbnail_IMAG21_3544439981134066022.jpg,https://comic.naver.com/webtoon/list?titleId=791737&tab=dailyPlus
119,싱글브로,아린,드라마,"냉동인간의 해동화가 보편화된 시기, 깨어난 아홉 살짜리 형을 맞이한 야구 실패생 스물아홉 동생 동원. 
그는 같은 얼굴을 한 형원이 다른 길을 갔으면 하지만, 아홉 살 형원의 꿈은 여전히 한양의 4번 타자다.
형에게 상처주지 않고 꿈을 포기하게 만들고 싶은 동원과, 그저 동원과 함께 야구하는 것이 행복한 형원. 
이 동상이몽은 과연 지속될 수 있을까?",https://image-comic.pstatic.net/webtoon/797761/thumbnail/thumbnail_IMAG21_4134978695669559653.jpg,https://comic.naver.com/webtoon/list?titleId=797761&tab=dailyPlus
120,세기말 데빌,섀이,판타지,"하늘에선 재가 내리고 땅에선 악마들이 기어다닌다.
소중한 것을 잃어버린 소녀와 헌터는 멸망한 세상을 여행한다.
살아남기 위해, 무엇을 위해 살아가야 할지 찾기위해.",https://image-comic.pstatic.net/webtoon/804418/thumbnail/thumbnail_IMAG21_c444df06-f06a-488d-bbf9-7479a28c9475.jpg,https://comic.naver.com/webtoon/list?titleId=804418&tab=dailyPlus
121,나는 여왕이다휴재,율페,로맨스,"고생만 하다 죽은 책 속 주인공 오필리아를 답답하다 느끼던 중, 갑자기 말을 걸어온 오필리아에 의해 빙의하게 된다.
여주의 몸으로 깨어났는데 다행히 아직 막장으로 흘러가기 전.
미래의 오필리아를 만나 자신이 여왕이 된 모습을 봤다며 미래를 바꿀 도박을 시작한다.
여러 시련과 고난 속 여왕이 되었지만 이 후 미래는 알지 못하는데....",https://image-comic.pstatic.net/webtoon/797728/thumbnail/thumbnail_IMAG21_7004614984478175842.jpg,https://comic.naver.com/webtoon/list?titleId=797728&tab=dailyPlus
122,이단,세모,액션,"초라한 행색에 거친 싸움 실력, 그러나 겉모습과 달리 대한민국 초상위층만 소유할 수 있는 블랙카드를 들고 있는 소년이 한 도시의 일진들을 처단하기 시작한다. 자신의 과거에 대한 키를 쥐고 있는 한 아이를 만나기 위해서...",https://image-comic.pstatic.net/webtoon/805657/thumbnail/thumbnail_IMAG21_c0bc21b7-edfc-406c-a5f7-33d984b8279c.jpg,https://comic.naver.com/webtoon/list?titleId=805657&tab=dailyPlus
123,청춘만개,ALTO,드라마,"3차 세계대전의 발발로 인해 가족과 떨어지게 된 지민과
박사님의 유언에 따라 사람답게 살아가고자 하는 전쟁로봇 오로라(코드Q_001).

종전 이후에도 만연한 착취와 갈등으로 결성된 저항군,
세계는 또 다시 위태롭게 출렁인다.
거대한 시대의 파도에 맞서는 '제 2의 잃어버린 세대', 그들의 성장 드라마.",https://image-comic.pstatic.net/webtoon/812352/thumbnail/thumbnail_IMAG21_8a94d8d3-bb74-454b-beb9-69cf912c620b.jpg,https://comic.naver.com/webtoon/list?titleId=812352&tab=dailyPlus
124,"울어주세요, 황태자님휴재",Duck담,로맨스,"소문이 안 좋은 황태자의 비 후보가 된 대공가의 영애 '리베라'. 
황태자와 최악의 첫 만남 이후 이 결혼을 피하기 위한 한 가지 방법을 듣는다.
바로 황태자가 가진 기적의 힘, 축복의 눈물을 얻어내는 것.
그런데 황태자는 찔러도 눈물 한 방울 나오지 않는 사람이었는데…",https://image-comic.pstatic.net/webtoon/784845/thumbnail/thumbnail_IMAG21_3546647805636535653.jpg,https://comic.naver.com/webtoon/list?titleId=784845&tab=dailyPlus
125,황녀인데 악녀입니다,한리앙,로맨스,"여성향 연애 육성 시물레이션 게임 ‘황녀를 부탁해’에 중독된 여고생 이소현.
횡단보도를 건너는 중에도 게임을 하다가 트럭에 치이고 만다.
다시 눈 뜬 곳은….
다름아닌 ‘황녀를 부탁해’ 게임 속 황녀 티아니르의 방!
내가 착하고 선하고 똑똑한 최애캐인 황녀가 되다니, 이대로 평생 살 거야!
그런데 잠깐, 왜 다들 나를 보는 눈빛이 안 좋은 거지?
착한 주인공이라고 생각했던 황녀가 사실 최고의 연기력을 자랑하는 악녀라고?!
절대 악녀로 살아갈 수 없다.
티아니르가 된 이소현은 악녀 이미지를 탈바꿈하기로 하는데….",https://image-comic.pstatic.net/webtoon/794779/thumbnail/thumbnail_IMAG21_7004330205919655009.jpg,https://comic.naver.com/webtoon/list?titleId=794779&tab=dailyPlus
126,"숨, 죽이다",환쟁이,스릴러,"비어있는 줄 알았던 저택, 하지만 그곳에선 납치에 이어 사체까지 발견되고! 7살짜리 아들과 그곳을 들렀던 가사도우미, 지윤은 쫓기기 시작한다! 과연 그들은 끝까지 살아남을 수 있을까?!",https://image-comic.pstatic.net/webtoon/804994/thumbnail/thumbnail_IMAG21_6094e0c7-994b-49b8-9729-4603810aac65.jpg,https://comic.naver.com/webtoon/list?titleId=804994&tab=dailyPlus
127,소녀셋 소년셋,찡나,로맨스,"남고와 여고가 붙어있는 고등학교. 남고 학생인 '정달새'는 여고의 청초한 학생 '가나연'을 짝사랑한다. '정달새'는 친한 친구들과 함께 다니며 나연과 친해질 기회를 기다린다. 그러던 어느 날, 시원하게 쌍욕질을 하는 여학생의 목소리를 듣게 되는데... 세상에, 그 여학생의 정체는 '가나연'이다!?",https://image-comic.pstatic.net/webtoon/811664/thumbnail/thumbnail_IMAG21_1e9d27cc-d69b-4d0d-8cde-e8c790e8972e.jpg,https://comic.naver.com/webtoon/list?titleId=811664&tab=dailyPlus
128,사이비 러브,사냥사슴꾼,감성,"악마숭배 컨셉 스트리머 '루시하'로 이중생활을 하고 있는,
사이비 종교와 엮인 상처를 지고 살아가는 N잡러 대학생 백가인.
…그런데 방송을 보고 진짜 악마, '인큐버스'가 나타났다?!
악마, 인간, 그리고… 천사?!

‘사이비’ 아닙니다, 캠퍼스 판타지 로맨스!!",https://image-comic.pstatic.net/webtoon/813403/thumbnail/thumbnail_IMAG21_8acfe881-9770-4010-82eb-ce84778b6a64.jpg,https://comic.naver.com/webtoon/list?titleId=813403&tab=dailyPlus
129,이번 생은 케이팝 리벤지,온달,판타지,"만년 꿈나무, 작곡가 지망생 노파라는 이번에도 자신의 곡 크레딧을 빼앗긴다.
꿈을 포기하려는 찰나, 교통사고를 당하고 눈 떠 보니 10년 전 대학 강의실?
자신의 꿈을 앗아간 이우 엔터테인먼트 대표의 아들 이주혁이 눈 앞에서 웃고 있다.
좋아! 나한테 두 번째 기회가 주어진 거라면 내 모든 걸 걸고 너희를 무너뜨리겠어!!",https://image-comic.pstatic.net/webtoon/814596/thumbnail/thumbnail_IMAG21_3741d814-2816-43f3-8343-b9010f2c9ace.jpg,https://comic.naver.com/webtoon/list?titleId=814596&tab=dailyPlus
130,어둠 속의 닭은 울지 않는다,제이덴티,스릴러,"소설가 지망생 이정.
어느 날부터 시작된 범죄자들을 타깃으로 한 연쇄 살인이 자신의 글을 바탕으로 일어났음을 알게 된다. 묘한 짜릿함을 느낀 이정은 살인자에게 받은 지령을 토대로 살인 소설을 집필하기 시작한다.",https://image-comic.pstatic.net/webtoon/807542/thumbnail/thumbnail_IMAG21_5fccad2f-5c75-439e-869b-31f7d79a2b1c.jpg,https://comic.naver.com/webtoon/list?titleId=807542&tab=dailyPlus
131,헌터 잭휴재,호야,액션,"*<헌터 잭>은 격주로 연재됩니다.*
황폐한 땅 한복판에 버려진 빈민촌. 
잭이 살고 있는 마을에 도시개발업자들이 나타나 떠날 것을 요구한다. 
가진거라곤 빚과 빈곤함 뿐. 당장 3개월 뒤에 떠나기는 턱없이 부족한 재산이다.
그러던 그에게 찾아온 우연한 기회.  뱀파이어 헌터로 살면 제법 돈을 벌 수 있다고 한다. 
더 이상 물러날 곳 없던 그는 앞뒤 가릴 것 없이 헌터로서의 삶에 뛰어들게 된다",https://image-comic.pstatic.net/webtoon/791675/thumbnail/thumbnail_IMAG21_5a4a5699-2ab5-4968-a429-c97ac9a27dcc.jpg,https://comic.naver.com/webtoon/list?titleId=791675&tab=dailyPlus
132,왕은 그림자 숲에 잠든다,HB,로맨스,"황제 이청의 청혼을 거절한 대가로 나라를 잃은 왕, 나루. 
치욕을 안고 도망쳐 온 북방 숲에서 낯선 사내, 호안을 만난다.
나루는 호안의 보살핌으로 몸과 마음을 회복해가지만…. 

점점 엇갈려가는 연정과 가까워지는 복수의 날. 
나루는 사랑과 왕위, 모두를 지킬 수 있을까.",https://image-comic.pstatic.net/webtoon/787463/thumbnail/thumbnail_IMAG21_3545004026324280627.jpg,https://comic.naver.com/webtoon/list?titleId=787463&tab=dailyPlus
133,고양이 키스휴재,건짱,로맨스,"다정한 주인과 위험한 수의사의 구애 속에 자신도 몰랐던 애완 고양이로서의 적성을 깨달아 가는 나날들.
실전, 고양이로 살아가기! 그리고 고양이로 연애하기!",https://image-comic.pstatic.net/webtoon/800775/thumbnail/thumbnail_IMAG21_fbedd1df-d6a3-479c-bd58-1248c88fa2e8.jpg,https://comic.naver.com/webtoon/list?titleId=800775&tab=dailyPlus
134,천신의 요람,임솔이,로맨스,"""하룻밤만 같이 있어주면 안됩니까?"" 
""…딱 하루 만이다.""
 
귀찮았던 그녀에게 특별한 힘이 있음을 알게 된 '카신'은 '다란'을 찾아 나선다. 
서로에게 서로가 필요함을 알게되고 요물들로부터 지켜주겠다는 말에 계약이 성사된다.
시작은 계약관계, 하지만 점차 서로가 신경 쓰이게 되는데…
원수인듯 연인인듯 선인 '카신'과 인간 '다란'의 공생 판타지 로맨스!",https://image-comic.pstatic.net/webtoon/784838/thumbnail/thumbnail_IMAG21_d89cc0e4-59dc-4d17-9c19-d5aa1f658fa9.jpg,https://comic.naver.com/webtoon/list?titleId=784838&tab=dailyPlus
135,금요일에 만나요,게살버거,로맨스,"""나는 금요일이면 남자로 변한다""  

금요일만 되면 남자로 변하는 여자 ‘윤서림’

매주 금요일마다 남친 / 남사친 대행 알바를 해주며 일명 ‘금요일의 남자’로 인기폭발!
그러던 어느 날 모델과 훈남, ‘도승우’의 요청이 들어오게 되는데..
완벽할 것 같았던 그의 다른 모습을 본 서림은 점점 그가 좋아지기 시작한다.

과연 서림은 비밀을 숨기고 승우와 잘 될 수 있을까?",https://image-comic.pstatic.net/webtoon/808073/thumbnail/thumbnail_IMAG21_7e82c2af-cd14-4052-bbff-2b2a4bd46b93.jpg,https://comic.naver.com/webtoon/list?titleId=808073&tab=dailyPlus
136,리얼월드 ; 밸런스붕괴자휴재,콩이,판타지,"게임을 좋아하는 평범한 고등학생 최강우. 어느 날, 어릴 적부터 단골이었던 게임 가게가 폐업한다는 소식을 듣게 된다. 
마지막으로 가게를 찾은 날 가게 주인은 이름 모를 모바일 게임의 QR코드를 건넨다. 
…호기심으로 시작한 이 게임, 뭔가 이상하다!? 처음 받은 미션이 물 3컵 마시는 거라고? 
어이없는 미션을 대수롭지 않게 무시한 그 순간, 실패 벌칙이 현실 세계에서 일어나버렸다!!
점점 위험해지는 미션들 속에서 강우는 자신의 현실을 지켜내야 한다!!",https://image-comic.pstatic.net/webtoon/784842/thumbnail/thumbnail_IMAG21_3761462695181889638.jpg,https://comic.naver.com/webtoon/list?titleId=784842&tab=dailyPlus
137,리얼메이커,리얼메이커,감성,"세상에서 가장 완벽한 남자가 나에게 고백을 해 왔다!?

원하는 건 뭐든지 얻을 수 있고 나 자신도 뭐든지 될 수 있는 그런 세상…에 나는 살고 있다…

세상에서 가장 완벽한 남자가 내 남친이라니!!… 그 뿐이야? 남들에게 보여지는 훌륭한 외모도, 화려한 집도 유행하는 패션, 명품 아이템도 모두 가질 수 있다. 가상현실의 인싸로 사는 세계에서는 말이다. 

그런데, 현실과 가상의 차이가 거의 없는 인싸도 있잖아? 완전 부럽다!!! 

삶이 갈수록 퍽퍽해지고, 환경 문제가 심각해져 가는 무렵, 가상현실이 무섭도록 발전하고 아이돌마저 가상현실로 대체되고 있는 시대가 왔다.

가상현실 아이돌 ‘에단’을 동경하며 가상현실의 패션 디자이너를 꿈꾸는 여고생 ‘염소라’와 가상현실 아이돌이 아닌, 리얼 세계의 아이돌이 되고 싶어하는 남고생 ‘차이헌’ 그리고 차이헌과 현실 아이돌을 결성하게 될 ‘청춘들 – 우주, 휘영, 시온, 지성’의 이야기가 펼쳐진다.",https://image-comic.pstatic.net/webtoon/807336/thumbnail/thumbnail_IMAG21_4d12798f-3573-449a-be8c-2a852d068ac5.jpg,https://comic.naver.com/webtoon/list?titleId=807336&tab=dailyPlus
138,우리가 아니면,세오네,로맨스,결혼식을 일주일 앞둔 예비 신부 ‘이나’는 남자친구와 결혼 문제로 다툰 다음날 제목도 모르는 소설 속 주인공 ‘이브 렉토리’로 빙의 된다. 겁이 많은 이나는 모르는 소설에 빙의 된 것도 무서운데 하필 빙의 된 소설은 완결도 못 내고 연재 중단된 공포 소설?! 게다가 소재는 강령술이라니…! 어딘가 수상해 보이는 렉토리 하우스 안에서 이나는 현실로 돌아갈 수 있을까?,https://image-comic.pstatic.net/webtoon/802939/thumbnail/thumbnail_IMAG21_ab200ebe-1003-4b92-8453-4d048bc47c6e.jpg,https://comic.naver.com/webtoon/list?titleId=802939&tab=dailyPlus
139,용한 동거인,졔,드라마,"기나긴 알바 생활을 청산하고, 그동안 모은 돈으로 한국을 떠나려던 '계천희'.
하지만 실수로 승천을 3개월 앞둔 이무기의 여의주를 건드리고 만다.
""제가 당신 여의주가 됐다구요?!""
자신이 승천하기 전까진 한국을 떠날 수 없다는 이무기 '무룡'.
""그래도 꽤 나쁘지 않을 걸? 여의주는 행운을 부르거든.""
그렇게 인간과 이무기의 용한 동거가 시작되는데...",https://image-comic.pstatic.net/webtoon/808791/thumbnail/thumbnail_IMAG21_729466c1-2f2f-4a06-9b6d-86923ccb021e.jpg,https://comic.naver.com/webtoon/list?titleId=808791&tab=dailyPlus
140,쉿! 페어링 중...,해나,로맨스,"인간과 인공지능의 시대.
무용과 4학년 김구슬은 사교성 수업 과제 ai p234, 성진우와 페어링된다.
하지만 블루투스 불량으로 24시간 붙어있게 되는데...
엄격하고 냉정한 성진우 때문에 불안한 한편, 구슬은 두근거림을 느끼기도 한다.
이 과제 무사히 끝낼 수 있겠지?
인간과 인공지능의 아찔한 캠퍼스 로맨스!

둘은 페어링 될 수 있을까?",https://image-comic.pstatic.net/webtoon/816541/thumbnail/thumbnail_IMAG21_d1f2d382-bbcf-4a1a-be6b-e7d7c573b2d4.jpg,https://comic.naver.com/webtoon/list?titleId=816541&tab=dailyPlus
141,투 두 리스트,RYO,로맨스,"키 큰 남자는 인기 있지! 그런 건 당연하잖아!
키가 큰 연애 초보 오오모리 카즈키는 대학교 1학년이다. 어느 날 집 근처 미술대학에 다니는 키가 작은 연상의 여인을 사랑하게 된다.
좋아하는 사람이 있다는게 이런 기분이 드는구나…
그녀를 만나고 나의 매일은 그야말로...장밋빛! 이라고 생각하는데…
이제보니...연애는 어떻게 하면 좋은 거지?
모든 게 신선하고 모든 게 두근두근 거린다.
누구나 한 번쯤은 겪어 본 '연애의 시작’를실화 이야기를 바탕으로 만들었습니다.",https://image-comic.pstatic.net/webtoon/791686/thumbnail/thumbnail_IMAG21_3905522697142221109.jpg,https://comic.naver.com/webtoon/list?titleId=791686&tab=dailyPlus
142,실버벨,노떼,판타지,"라리아의 행복은 한순간에 무너졌다.
누명을 쓴 왕세자 전하는 닉시아에서 추방당하고 존경하던 왕비 전하는 충격으로 쓰러지셨다.
소중한 사람들을 구하기 위해 닉시아에서 가장 완벽한 기사였던 라리아는 마법에 걸려 개가 된다. 
기억을 잃은 왕세자와 재회하고 닫혀있었던 그의 마음에 조금씩 가까워지며
오늘도 라리아는 개처럼 구른다.",https://image-comic.pstatic.net/webtoon/794192/thumbnail/thumbnail_IMAG21_7364904256045986614.jpg,https://comic.naver.com/webtoon/list?titleId=794192&tab=dailyPlus
143,도와줘우주휴재,설레임,드라마,"일생에 단 한 번, 닿는 순간 원한 것은 무엇이든 이뤄주는 '우주의 기운'을 경험하게 된 한 남자.
그런데 그 순간 원한 것이 하필 온라인에서 유행하는 '사소한 능력' 고르기?!
거기에 '3년 내로 결혼해서 아들도 생기지만 살해를 당한다.'라는 자신의 미래까지 알게 되는데...
어느 날 갑자기 '사소한 초능력자'가 된 남자 '조 우주'의
사랑을 완성하고 죽음을 극복하기 위한 고군분투 로맨스 스릴러.
제발, 도와줘 우주!",https://image-comic.pstatic.net/webtoon/795000/thumbnail/thumbnail_IMAG21_7220737377264152886.jpg,https://comic.naver.com/webtoon/list?titleId=795000&tab=dailyPlus
144,씨앗의 정원,백희,판타지,"1914년 뉴욕. 재벌가 그린우드의 유일의 상속자 윌리엄은 동경하던 삼촌 헨리가 이국의 사막에서 사라졌다는 전보가 도착한 날 그를 찾기로 결심한다. 
그래서 도착한 이국의 땅… 
하지만 삼촌의 흔적을 쫓을수록 전에 알지 못했던 사실들 때문에 혼란에 빠지고 마는데…
이국의 사막 속에 묻힌 신비로운 비밀이 드러난다.",https://image-comic.pstatic.net/webtoon/806264/thumbnail/thumbnail_IMAG21_bd4966ab-98ec-4b9d-b387-c76979c0e438.jpg,https://comic.naver.com/webtoon/list?titleId=806264&tab=dailyPlus
145,화산귀환,LICO,무협/사극,"대 화산파 13대 제자.천하삼대검수 매화검존 청명. 
천하를 혼란에 빠뜨린 고금제일마 천마의 목을 치고 십만대산의 정상에서 영면.
백 년의 시간을 뛰어넘어 아이의 몸으로 다시 살아나다.
......뭐? 화산이 망해? 이게 뭔 개소리야!?",https://image-comic.pstatic.net/webtoon/769209/thumbnail/thumbnail_IMAG21_3511dcdd-6e33-4171-8839-598d6d266215.jpg,https://comic.naver.com/webtoon/list?titleId=769209
146,격기3반,이학,스포츠,"한국이 세계 격투기의 중심이 된 세상. 전국 탑 클래스 격투기 학생들만 모인 남일고에 약골 소년 주지태가 돌연 투입된다.
신체적 약점이 상쇄되는 무술 ‘주짓수’를 통해, 주지태는 격기반의 정점에 오를 수 있을 것인가…?",https://image-comic.pstatic.net/webtoon/701535/thumbnail/thumbnail_IMAG21_2abe5b1a-9104-417f-9995-0db15c6db7be.jpg,https://comic.naver.com/webtoon/list?titleId=701535
147,전지적 독자 시점,UMI,판타지,"'이건 내가 아는 그 전개다'
한순간에 세계가 멸망하고, 새로운 세상이 펼쳐졌다.
오직 나만이 완주했던 소설 세계에서 평범했던 독자의 새로운 삶이 시작된다.",https://image-comic.pstatic.net/webtoon/747269/thumbnail/thumbnail_IMAG21_aabd9952-ff45-47a2-a543-33f19a5c6708.jpg,https://comic.naver.com/webtoon/list?titleId=747269
148,백XX,병장,액션,"정보사(HID) 요원 '백이수'와 범죄 조직의 보스인 쌍둥이 형 '백도경'.
같은 얼굴 다른 삶을 살아온 쌍둥이 형제. 조직에 배신당한 동생은 자신의 신분을 버리고 형이 되기로 한다.
정보사요원, 범죄 조직의 보스가 되다...!",https://image-comic.pstatic.net/webtoon/804862/thumbnail/thumbnail_IMAG21_f1b2f920-5c10-4155-a547-0c25a7132d8f.jpeg,https://comic.naver.com/webtoon/list?titleId=804862
149,나쁜사람,둠스,액션,"착한 남자가 좋다는 그녀의 이상형이 되기 위해 10년 동안 노력했다. 
그런데! 갑자기 나쁜 남자가 좋다는 그녀...

오늘부터 난... 나쁜 남자로 다시 태어난다.",https://image-comic.pstatic.net/webtoon/750184/thumbnail/thumbnail_IMAG21_adfbd65f-18fa-4268-81db-ec88ae4aa8b1.jpg,https://comic.naver.com/webtoon/list?titleId=750184
150,욕망일기Deep,김꿀빨,스릴러,"더욱 더 매운맛으로 돌아온 욕망일기의 새로운 에피소드
인간이라면 누구나 가질법한 욕망,
그것이 현실로 이루어진다면?
그 끝은 과연 행복일까 파멸일까..",https://image-comic.pstatic.net/webtoon/818448/thumbnail/thumbnail_IMAG21_8f02d84a-1c44-412e-8a34-4c9ec09c68ac.jpg,https://comic.naver.com/webtoon/list?titleId=818448
151,어느 마법사의 식당,차씨,판타지,"요리사를 꿈꾸던 내가 사고로 이세계에 떨어졌다. 

몬스터와 마법이 넘쳐나는 판타지 세계이지만 여기라고 식당을 못할 건 없잖아?

그러나 전쟁으로 인해 이세계에 들어오자마자 군대에 끌려가게 되고, 

15년간의 고생 끝에 드디어 나만의 식당을 열게 되는데...",https://image-comic.pstatic.net/webtoon/818888/thumbnail/thumbnail_IMAG21_fa6e7e68-693a-4ce9-b6bd-817b63102f14.jpg,https://comic.naver.com/webtoon/list?titleId=818888
152,염라강림,바른꽃,판타지,"지옥이 망했다.
피가 흘러야 할 황천에는 맑은 물이 흐르고 망자들을 끓이던 솥은 차갑게 식은지 오래다. 


은퇴한 염라대왕은 자신의 행복을 위해 윤회의 길을 택하고자 하지만,
혼란스러워진 지옥과 사라진 자신의 후임 털보로 인해 윤회의 길을 걸을 수 없게 된다.

인간 세상의 신이 되기 위하여 인간계와 지옥을 혼돈에 빠트린 채 사라진 털보를
쫓아 염라는 인간계에 강림하지만, 인간계는 털보의 수작으로 인해 지옥에서 도망친 망자들이 세상을 혼란케 하고 있었다. 

염라는 지옥명부의 힘을 빌려 인간을 지키는 ‘장의사’들과 힘을 합쳐 털보를 잡아
세상을 원래대로 돌려놓기 위해 고군분투한다.

과연 염라는 무사히 윤회의 길을 걸을 수 있을까?",https://image-comic.pstatic.net/webtoon/818192/thumbnail/thumbnail_IMAG21_a8988c53-5efd-4506-b046-b46bccd90c56.jpg,https://comic.naver.com/webtoon/list?titleId=818192
153,돌아온 쿠쿠짱,신의철,개그,"최강(?)의 펭귄 쿠쿠가 돌아왔다! 그런데 돌아온 곳이... 김성모 유니버스?!
과연 쿠쿠와 럭키짱 강건마는 힘을 합쳐 야수고의 일진들을 해치우고 세상의 평화를...
더 이상의 자세한 설명은 생략한다.",https://image-comic.pstatic.net/webtoon/818820/thumbnail/thumbnail_IMAG21_84ad5ffe-9290-438a-a416-c18149eca2b9.jpg,https://comic.naver.com/webtoon/list?titleId=818820
154,왕의 힘으로 회귀한다,성현,판타지,"무시, 멸시, 괴롭힘이 당연한 비각성자의 삶.

빌어먹을 루저...
빌어먹을 인생...
빌어먹을 각성..!
 
그리고 빌어먹을 죽음의 순간,
나는 기이한 존재 '왕'을 만난다.

 눈 부신 빛과 함께 다시 시작된 또 한 번의 삶.
하지만 이번에는 다르다.
이제 나도 각성자니깐!

내 앞길을 방해하는 모두를 집어삼키고
다시는 누군가에게 고개 숙이는 삶을 살지 않을 거다.",https://image-comic.pstatic.net/webtoon/817958/thumbnail/thumbnail_IMAG21_542523dc-b304-4a0b-9078-0b780c9b05d2.jpg,https://comic.naver.com/webtoon/list?titleId=817958
